Pais,Liga,Data,Hora,Mandante,Visitante,Placar_Mandante_FT,Placar_Visitante_FT,Placar_Mandante_HT,Placar_Visitante_HT,Arbitro,Estadio,Publico,Capacidade,posse_bola_mandante_FT,posse_bola_visitante_FT,cartao_amarelo_mandante_FT,cartao_amarelo_visitante_FT,cartao_vermelho_mandante_FT,cartao_vermelho_visitante_FT,finalizacoes_xg_mandante_FT,finalizacoes_xg_visitante_FT,finalizacoes_xgot_mandante_FT,finalizacoes_xgot_visitante_FT,finalizacoes_totais_mandante_FT,finalizacoes_totais_visitante_FT,finalizacoes_no_alvo_mandante_FT,finalizacoes_no_alvo_visitante_FT,finalizacoes_para_fora_mandante_FT,finalizacoes_para_fora_visitante_FT,finalizacoes_bloqueadas_mandante_FT,finalizacoes_bloqueadas_visitante_FT,finalizacoes_dentro_area_mandante_FT,finalizacoes_dentro_area_visitante_FT,finalizacoes_fora_area_mandante_FT,finalizacoes_fora_area_visitante_FT,finalizacoes_trave_mandante_FT,finalizacoes_trave_visitante_FT,ataque_chances_claras_mandante_FT,ataque_chances_claras_visitante_FT,ataque_escanteios_mandante_FT,ataque_escanteios_visitante_FT,ataque_toques_area_adv_mandante_FT,ataque_toques_area_adv_visitante_FT,ataque_passes_profundidade_certos_mandante_FT,ataque_passes_profundidade_certos_visitante_FT,ataque_impedimentos_mandante_FT,ataque_impedimentos_visitante_FT,ataque_faltas_cobradas_mandante_FT,ataque_faltas_cobradas_visitante_FT,passes_certos_mandante_FT,passes_totais_mandante_FT,passes_precisao_pct_mandante_FT,passes_certos_visitante_FT,passes_totais_visitante_FT,passes_precisao_pct_visitante_FT,passes_longos_certos_mandante_FT,passes_longos_totais_mandante_FT,passes_longos_pct_mandante_FT,passes_longos_certos_visitante_FT,passes_longos_totais_visitante_FT,passes_longos_pct_visitante_FT,passes_terco_final_certos_mandante_FT,passes_terco_final_totais_mandante_FT,passes_terco_final_pct_mandante_FT,passes_terco_final_certos_visitante_FT,passes_terco_final_totais_visitante_FT,passes_terco_final_pct_visitante_FT,passes_cruzamentos_certos_mandante_FT,passes_cruzamentos_totais_mandante_FT,passes_cruzamentos_pct_mandante_FT,passes_cruzamentos_certos_visitante_FT,passes_cruzamentos_totais_visitante_FT,passes_cruzamentos_pct_visitante_FT,passes_xa_mandante_FT,passes_xa_visitante_FT,passes_laterais_cobrados_mandante_FT,passes_laterais_cobrados_visitante_FT,defesa_faltas_mandante_FT,defesa_faltas_visitante_FT,defesa_desarmes_certos_mandante_FT,defesa_desarmes_totais_mandante_FT,defesa_desarmes_pct_mandante_FT,defesa_desarmes_certos_visitante_FT,defesa_desarmes_totais_visitante_FT,defesa_desarmes_pct_visitante_FT,defesa_duelos_ganhos_mandante_FT,defesa_duelos_ganhos_visitante_FT,defesa_rebatidas_mandante_FT,defesa_rebatidas_visitante_FT,defesa_interceptacoes_mandante_FT,defesa_interceptacoes_visitante_FT,defesa_erros_resultaram_finalizacao_mandante_FT,defesa_erros_resultaram_finalizacao_visitante_FT,defesa_erros_resultaram_gol_mandante_FT,defesa_erros_resultaram_gol_visitante_FT,defesa_goleiro_mandante_FT,defesa_goleiro_visitante_FT,goleiro_defesas_mandante_FT,goleiro_defesas_visitante_FT,goleiro_xgot_enfrentado_mandante_FT,goleiro_xgot_enfrentado_visitante_FT,goleiro_gols_evitados_mandante_FT,goleiro_gols_evitados_visitante_FT,goleiro_tiros_de_meta_mandante_FT,goleiro_tiros_de_meta_visitante_FT,Odd_Home_FT,Odd_Draw_FT,Odd_Away_FT,Odd_Over25_FT,Odd_Under25_FT,minutos_gols_mandante_ft,minutos_gols_visitante_ft
Arábia Saudita,Liga Profissional Saudita,30/08/2026,15:00,Al-Qadsiah,Al-Faysaly,3,1,2,1,Al Shamrani M. (Sau),Prince Saud bin Jalawi Stadium (Dammam),16 884,20 100,57%,43%,0,3,0,0,2.46,0.72,2.07,1.17,17,5,9,2,7,2,1,1,13,2,4,3,0,0,6,1,4,2,34,10,1,0,4,0,7,12,465,520,89%,323,387,83%,30,44,68%,27,52,52%,123,145,85%,59,86,69%,5,12,42%,2,15,13%,1.82,0.25,10,16,12,7,9,16,56%,6,10,60%,35,33,15,15,13,11,0,1,0,0,1,7,1,7,1.17,2.07,0.17,0.07,6,10,1.17,6.5,11,1.29,3.6,"5,30,56",12
Internacional,Campeonato,30/08/2026,15:00,Al-Qadsiah,Al-Faysaly,3,1,2,1,Al Shamrani M. (Sau),Prince Saud bin Jalawi Stadium (Dammam),16 884,20 100,57%,43%,0,3,0,0,2.46,0.72,2.07,1.17,17,5,9,2,7,2,1,1,13,2,4,3,0,0,6,1,4,2,34,10,1,0,4,0,7,12,465,520,89%,323,387,83%,30,44,68%,27,52,52%,123,145,85%,59,86,69%,5,12,42%,2,15,13%,1.82,0.25,10,16,12,7,9,16,56%,6,10,60%,35,33,15,15,13,11,0,1,0,0,1,7,1,7,1.17,2.07,0.17,0.07,6,10,1.17,6.5,11,1.29,3.6,"5,30,56",12
Alemanha,3. Liga,30/08/2026,14:30,Viktoria Koln,Munster,4,1,3,1,Tanimoto R. (Jpn),Sportpark Hohenberg (Cologne),5 264,8 343,59%,41%,3,4,0,0,2.53,1.39,2.4,1.11,9,12,4,3,4,5,1,4,5,7,4,5,0,0,4,3,4,5,22,23,2,3,3,3,18,14,331,381,87%,392,503,78%,30,51,59%,27,50,54%,81,111,73%,88,112,79%,4,15,27%,3,14,22%,1.43,1.02,13,15,11,15,12,19,61%,14,24,60%,52,59,25,26,13,13,0,0,0,0,2,0,2,0,1.11,2.4,0.11,-1.6,7,9,1.85,3.4,3.5,1.67,2.15,"6,12,43,89",20
Arábia Saudita,Liga Profissional Saudita,30/08/2026,13:05,Al Hazem,Al-Shabab,1,1,0,0,Al Kharboush A. (Sau),Al-Hazem Club Stadium (Ar Rass),6 640,8 000,45%,55%,1,3,0,1,1.03,1.55,0.74,1.53,8,11,4,6,2,2,2,3,2,7,6,4,0,0,1,4,3,8,18,31,0,1,1,2,11,15,303,362,84%,374,444,84%,18,29,62%,32,53,60%,96,126,76%,122,161,76%,4,25,16%,2,21,10%,0.45,1.12,18,10,15,11,8,16,50%,10,15,67%,38,49,21,26,14,9,0,0,0,0,4,3,4,3,1.53,0.74,0.53,-0.26,5,3,3.9,3.9,1.7,1.6,2.3,90,48
Internacional,Campeonato,30/08/2026,13:05,Al Hazem,Al-Shabab,1,1,0,0,Al Kharboush A. (Sau),Al-Hazem Club Stadium (Ar Rass),6 640,8 000,45%,55%,1,3,0,1,1.03,1.55,0.74,1.53,8,11,4,6,2,2,2,3,2,7,6,4,0,0,1,4,3,8,18,31,0,1,1,2,11,15,303,362,84%,374,444,84%,18,29,62%,32,53,60%,96,126,76%,122,161,76%,4,25,16%,2,21,10%,0.45,1.12,18,10,15,11,8,16,50%,10,15,67%,38,49,21,26,14,9,0,0,0,0,4,3,4,3,1.53,0.74,0.53,-0.26,5,3,3.9,3.9,1.7,1.6,2.3,90,48
Alemanha,Bundesliga,30/08/2026,12:30,FC Augsburg,Schalke 04,3,0,1,0,Stegemann S. (Ger),WWK Arena (Augsburg),30 660,30 660,48%,52%,1,0,0,1,3.72,2.1,3.54,0.85,24,11,13,5,6,5,5,1,18,7,6,4,0,0,9,4,11,3,41,15,2,2,3,2,6,5,319,415,77%,343,469,73%,18,49,37%,21,68,31%,74,117,63%,55,116,47%,9,22,41%,2,6,33%,2.99,1.87,15,25,5,6,7,11,64%,9,10,90%,53,32,28,21,9,4,0,3,0,1,4,10,4,10,0.85,3.54,0.85,0.54,7,7,2.3,3.5,2.9,1.73,2.1,"18,79,90",
Alemanha,3. Liga,30/08/2026,11:30,Havelse,Mannheim,3,2,1,2,Takasaki K. (Jpn),Heinz-von-Heiden-Arena (Hannover),1 018,49 200,46%,54%,3,4,0,0,2.08,1.69,2.08,1.68,7,6,4,4,2,1,1,1,4,4,3,2,0,0,3,3,5,5,16,23,2,3,6,2,14,23,439,493,89%,382,439,87%,33,63,53%,32,54,59%,82,113,73%,91,136,67%,4,15,27%,6,18,31%,1.11,1.02,22,23,17,12,13,21,63%,13,21,60%,46,49,27,27,13,10,0,0,0,0,2,1,2,1,1.68,2.08,-0.32,-0.92,7,8,4.2,4,1.6,1.44,2.7,"25,57,84","21,23"
Alemanha,Bundesliga,30/08/2026,10:30,SC Freiburg,Werder Bremen,4,1,2,0,Siebert D. (Ger),Europa-Park Stadion (Freiburg),34 700,34 700,53%,47%,1,1,0,0,2.37,0.54,3.07,0.26,19,9,5,3,7,1,7,5,8,6,11,3,1,0,3,2,6,5,24,12,0,0,0,1,16,13,435,487,89%,372,432,86%,26,35,74%,25,45,56%,101,127,80%,75,98,77%,2,16,13%,5,23,22%,1.43,0.39,19,9,13,16,5,8,63%,17,29,59%,44,56,24,31,7,4,1,0,1,1,2,1,2,1,0.26,3.07,-0.74,-0.93,3,5,1.8,3.75,4.2,1.67,2.2,"29,45,48,55",76
Alemanha,3. Liga,30/08/2026,08:30,Saarbrucken,Rostock,2,4,0,1,Bacher M. (Ger),Ludwigspark Stadion (Saarbrücken),14 600,16 003,53%,47%,3,4,0,0,2.4,3.48,2.32,3.36,15,15,6,8,3,4,6,3,9,9,6,6,0,0,2,4,5,4,27,13,1,1,3,0,17,14,510,580,88%,395,520,76%,42,65,64%,27,52,51%,99,145,68%,99,140,71%,3,14,22%,3,16,20%,0.79,1.32,22,26,11,17,11,18,62%,15,25,58%,57,47,26,23,8,15,0,0,0,0,4,4,4,4,3.36,2.32,-0.64,0.32,6,7,2.55,3.4,2.3,1.57,2.35,"47,76","32,55,60,73"
Alemanha,2. Bundesliga,30/08/2026,08:30,SV Darmstadt 98,Hannover 96,0,1,0,0,Gerach T. (Ger),Merck-Stadion am Bollenfalltor (Darmstadt),17 500,17 810,33%,67%,1,2,1,0,0.91,2.31,0.64,2.41,11,26,3,7,7,10,1,9,8,17,3,9,0,1,1,2,2,11,17,73,0,0,1,5,12,8,232,316,73%,574,654,88%,13,56,23%,16,31,52%,32,71,45%,240,285,84%,3,12,25%,6,24,25%,1.11,1.93,20,15,8,12,6,10,60%,7,10,70%,33,30,37,19,12,8,3,0,0,0,6,3,6,3,2.41,0.64,1.41,0.64,10,7,2.8,3.6,2.3,1.48,2.6,,57
Alemanha,2. Bundesliga,30/08/2026,08:30,Magdeburg,Holstein Kiel,2,0,0,0,Wienefeld J. (Ger),Avnet-Arena (Magdeburg),22 408,30 098,36%,64%,5,4,0,0,0.83,2.11,0.91,0.39,10,14,2,2,6,9,2,3,6,9,4,5,0,0,2,3,3,3,15,23,0,1,3,0,17,14,241,303,80%,476,548,87%,28,58,48%,19,31,61%,40,64,63%,147,186,79%,3,11,27%,7,20,35%,0.67,1.67,16,22,14,17,10,20,50%,12,19,63%,55,47,22,10,12,3,0,0,0,0,2,0,2,0,0.39,0.91,0.39,-1.09,12,6,2.15,3.7,3,1.44,2.7,"72,81",
Alemanha,2. Bundesliga,30/08/2026,08:30,FC St. Pauli,1. FC Kaiserslautern,1,2,0,1,Weisbach E. (Ger),Millerntor-Stadion (Hamburg),29 546,29 546,58%,42%,3,4,0,0,1.34,0.7,1.4,1.95,21,11,7,4,7,4,7,3,11,5,10,6,0,0,2,1,4,5,24,15,0,0,4,1,13,9,415,515,81%,268,366,73%,31,60,52%,23,59,39%,129,189,68%,65,103,63%,5,27,19%,1,14,7%,1.58,0.27,35,23,9,13,14,24,58%,8,11,73%,69,46,21,46,10,8,0,0,0,1,2,6,2,6,1.95,1.4,-0.05,0.4,5,10,1.8,3.75,4.1,1.67,2.15,56,"29,46"
Alemanha,2. Bundesliga,29/08/2026,15:30,1. FC Nürnberg,Bielefeld,4,1,3,0,Schwengers P. (Ger),Max-Morlock-Stadion (Nuremberg),41 000,50 000,53%,47%,2,0,0,0,0.94,1.19,1.85,0.93,13,21,6,5,2,9,5,7,10,12,3,9,0,0,3,0,3,8,26,25,0,0,1,0,11,9,391,455,86%,297,371,80%,23,49,47%,24,48,50%,59,82,72%,72,116,62%,3,6,50%,7,39,18%,0.81,0.52,25,21,9,11,8,10,80%,10,17,59%,45,44,49,13,4,9,0,0,1,0,4,2,4,2,0.93,1.85,-0.07,-2.15,8,4,2.4,3.6,2.7,1.62,2.25,"11,22,38,67",76
Arábia Saudita,Liga Profissional Saudita,29/08/2026,15:00,Al-Ettifaq,Al Diriyah,0,3,0,1,Al Owaidan A. (Sau),Abdullah Al Dabil Stadium (Dammam),1 130,55 612,54%,46%,1,1,0,0,1.35,2.33,2.61,3.26,17,16,7,7,7,6,3,3,15,11,2,5,2,2,2,4,6,6,30,22,0,1,1,6,7,7,384,428,90%,315,365,86%,22,29,76%,28,50,56%,145,177,82%,47,68,69%,6,20,30%,1,9,11%,1.73,0.91,9,9,7,7,5,11,45%,4,12,33%,34,29,14,17,6,10,0,1,0,0,4,7,4,7,3.26,2.61,0.26,2.61,4,11,2.9,3.6,2,1.6,2.3,,"8,53,81"
Arábia Saudita,Liga Profissional Saudita,29/08/2026,15:00,Al-Fateh,Al-Ittihad,0,0,0,0,Al Balawi F. (Sau),Al Fateh club stadium (Al-Hofuf),9 256,19 096,37%,63%,3,5,0,0,1,2.1,1.02,1.81,11,24,7,8,4,4,0,12,9,21,2,3,0,3,1,4,1,10,20,57,0,2,2,0,15,10,260,323,80%,458,522,88%,19,50,38%,27,43,63%,43,68,63%,197,246,80%,4,11,36%,7,38,18%,0.42,2.94,11,18,10,15,10,21,48%,12,15,80%,56,39,30,11,5,8,1,0,0,0,8,7,8,7,1.81,1.02,1.81,1.02,9,4,3.2,3.75,1.91,1.5,2.5,,
Internacional,Campeonato,29/08/2026,15:00,Al-Ettifaq,Al Diriyah,0,3,0,1,Al Owaidan A. (Sau),Abdullah Al Dabil Stadium (Dammam),1 130,55 612,54%,46%,1,1,0,0,1.35,2.33,2.61,3.26,17,16,7,7,7,6,3,3,15,11,2,5,2,2,2,4,6,6,30,22,0,1,1,6,7,7,384,428,90%,315,365,86%,22,29,76%,28,50,56%,145,177,82%,47,68,69%,6,20,30%,1,9,11%,1.73,0.91,9,9,7,7,5,11,45%,4,12,33%,34,29,14,17,6,10,0,1,0,0,4,7,4,7,3.26,2.61,0.26,2.61,4,11,2.9,3.6,2,1.6,2.3,,"8,53,81"
Internacional,Campeonato,29/08/2026,15:00,Al-Fateh,Al-Ittihad,0,0,0,0,Al Balawi F. (Sau),Al Fateh club stadium (Al-Hofuf),9 256,19 096,37%,63%,3,5,0,0,1,2.1,1.02,1.81,11,24,7,8,4,4,0,12,9,21,2,3,0,3,1,4,1,10,20,57,0,2,2,0,15,10,260,323,80%,458,522,88%,19,50,38%,27,43,63%,43,68,63%,197,246,80%,4,11,36%,7,38,18%,0.42,2.94,11,18,10,15,10,21,48%,12,15,80%,56,39,30,11,5,8,1,0,0,0,8,7,8,7,1.81,1.02,1.81,1.02,9,4,3.2,3.75,1.91,1.5,2.5,,
Alemanha,Bundesliga,29/08/2026,13:30,Borussia Dortmund,Hamburger SV,2,0,2,0,Zwayer F. (Ger),Signal Iduna Park (Dortmund),81 365,81 365,56%,44%,2,1,1,0,1.52,0.91,2.35,0.17,20,8,7,3,9,5,4,0,12,4,8,4,0,1,0,2,3,1,33,17,0,0,1,1,19,13,472,538,88%,339,419,81%,22,40,55%,16,44,36%,119,160,74%,64,95,67%,4,14,29%,4,13,31%,1.2,0.67,20,23,13,19,10,14,71%,7,13,54%,53,38,18,16,13,13,0,0,0,0,3,5,3,5,0.17,2.35,0.17,0.35,6,17,1.33,5.25,8,1.44,2.75,"9,45",
Arábia Saudita,Liga Profissional Saudita,29/08/2026,13:05,Al-Kholood,Al-Ahli,3,1,1,0,Al-Hanfoosh M. (Sau),Al-Hazem Club Stadium (Ar Rass),2 634,8 000,31%,69%,2,1,0,0,1.15,2.28,1.6,0.74,4,16,3,3,0,7,1,6,2,12,2,4,0,0,1,3,1,4,7,36,0,0,4,1,10,17,187,250,75%,458,534,86%,12,45,27%,22,45,49%,39,70,56%,124,176,70%,0,4,0%,10,41,24%,0.33,1.76,18,20,17,10,9,15,60%,14,23,61%,46,59,47,5,12,9,2,0,0,1,2,0,2,0,0.74,1.6,-0.26,-1.4,11,4,5.3,4.05,1.6,1.88,1.93,"32,85,90",66
Internacional,Campeonato,29/08/2026,13:05,Al-Kholood,Al-Ahli,3,1,1,0,Al-Hanfoosh M. (Sau),Al-Hazem Club Stadium (Ar Rass),2 634,8 000,31%,69%,2,1,0,0,1.15,2.28,1.6,0.74,4,16,3,3,0,7,1,6,2,12,2,4,0,0,1,3,1,4,7,36,0,0,4,1,10,17,187,250,75%,458,534,86%,12,45,27%,22,45,49%,39,70,56%,124,176,70%,0,4,0%,10,41,24%,0.33,1.76,18,20,17,10,9,15,60%,14,23,61%,46,59,47,5,12,9,2,0,0,1,2,0,2,0,0.74,1.6,-0.26,-1.4,11,4,5,3.7,1.6,1.85,1.95,"32,85,90",66
Alemanha,3. Liga,29/08/2026,11:30,Hoffenheim II,Regensburg,5,1,2,0,Michel F. (Ger),PreZero Arena (Sinsheim),824,30 150,61%,39%,0,3,0,0,3.84,1.27,3.84,1.11,15,9,8,3,3,3,4,3,9,5,6,4,0,0,5,2,1,3,26,23,2,2,3,2,22,17,434,477,91%,409,511,80%,39,62,63%,43,66,65%,111,152,73%,92,134,69%,5,19,27%,5,19,24%,1.75,0.72,21,18,14,20,17,25,69%,16,23,68%,56,49,29,22,13,14,0,0,0,0,2,3,2,3,1.11,3.84,0.11,-1.16,11,11,2.55,3.5,2.3,1.44,2.7,"18,26,62,69,83",60
Alemanha,Bundesliga,29/08/2026,10:30,Elversberg,Bayer Leverkusen,3,2,2,0,Hartmann R. (Ger),Waldstadion Kaiserlinde (Spiesen-Elversberg),9 307,9 970,33%,67%,3,2,0,0,1.27,1.88,2.18,2.01,11,21,6,4,3,13,2,4,8,13,3,8,0,2,2,6,4,3,19,40,0,1,1,1,15,18,212,293,72%,511,582,88%,15,50,30%,14,39,36%,42,74,57%,150,191,79%,3,12,25%,11,38,29%,0.65,2.34,17,17,18,15,8,12,67%,8,13,62%,42,46,32,14,11,11,0,0,0,2,2,3,2,3,2.01,2.18,0.01,-0.82,19,4,5.25,4.33,1.57,1.5,2.63,"8,9,46","77,90"
Alemanha,Bundesliga,29/08/2026,10:30,1. FC Köln,TSG Hoffenheim,3,2,0,1,Badstubner F. (Ger),RheinEnergieStadion (Köln),49 700,50 000,41%,59%,0,2,0,0,1.95,1.88,2.84,1.99,18,15,6,4,7,7,5,4,13,8,5,7,0,0,4,3,6,7,30,34,1,0,0,0,14,11,277,344,81%,424,491,86%,25,59,42%,29,48,60%,67,101,66%,118,156,76%,7,24,29%,8,29,28%,0.65,1.24,17,21,11,14,13,18,72%,8,13,62%,45,53,38,30,8,8,1,1,0,0,2,3,2,3,1.99,2.84,-0.01,-0.16,12,8,3.1,3.75,2.15,1.57,2.38,"51,72,82","27,67"
Alemanha,Bundesliga,29/08/2026,10:30,Mainz 05,SC Paderborn 07,0,0,0,0,Stieler T. (Ger),Mewa Arena (Mainz),33 305,33 305,51%,49%,1,2,0,0,1.23,0.73,0.7,0,21,10,4,0,11,6,6,4,15,6,7,4,1,0,2,1,11,2,36,19,0,0,1,1,10,8,385,461,84%,386,462,84%,24,41,59%,26,48,54%,128,180,71%,53,75,71%,13,39,33%,4,15,27%,2.28,1.16,19,15,8,10,10,16,63%,8,15,53%,47,50,28,53,12,14,0,0,0,0,0,4,0,4,0,0.7,0,0.7,6,11,1.5,4.5,6,1.44,2.75,,
Alemanha,Bundesliga,29/08/2026,10:30,RB Leipzig,Borussia M'gladbach,3,0,1,0,Jablonski S. (Ger),Red Bull Arena (Leipzig),47 800,47 069,47%,53%,1,0,0,0,3.96,1.09,3.83,0.66,25,15,11,4,10,5,4,6,19,10,6,5,1,1,6,2,7,6,38,27,1,0,0,5,13,10,358,427,84%,411,475,87%,27,53,51%,19,46,41%,79,111,71%,67,91,74%,8,15,53%,6,21,29%,2.01,0.97,21,16,10,13,6,13,46%,10,20,50%,41,40,32,20,8,4,1,0,0,1,4,8,4,8,0.66,3.83,0.66,0.83,10,7,1.55,4.5,5.25,1.44,2.75,"25,49,66",
Alemanha,Bundesliga,29/08/2026,10:30,1. FC Union Berlin,Eintracht Frankfurt,3,3,1,2,Dankert B. (Ger),Stadion An der Alten Försterei (Berlin),22 012,22 012,49%,51%,2,4,0,0,1.84,1.46,3.46,1.76,19,12,10,3,3,4,6,5,15,7,4,5,0,0,3,4,5,2,31,34,0,1,2,2,10,11,245,361,68%,299,393,76%,16,61,26%,28,65,43%,75,136,55%,83,126,66%,10,27,37%,3,16,19%,1.09,1.33,35,32,11,10,15,19,79%,8,13,62%,52,63,42,50,12,10,1,0,2,0,0,8,0,8,1.76,3.46,-1.24,0.46,7,2,2.7,3.7,2.45,1.57,2.38,"3,79,90","10,11,67"
Alemanha,3. Liga,29/08/2026,09:00,Aachen,Meppen,0,3,0,3,Grund F. (Ger),New Tivoli (Aachen),22 751,32 960,55%,45%,2,4,0,0,0.87,2.68,0.84,2.52,8,13,3,6,3,6,2,1,5,8,3,5,0,0,2,3,4,5,22,23,2,3,3,2,28,17,521,585,89%,433,535,81%,27,45,59%,37,62,59%,122,150,81%,79,100,79%,5,15,35%,4,15,25%,0.79,1.02,35,16,14,26,15,23,67%,14,24,60%,52,55,27,29,13,10,0,0,0,0,3,3,3,3,2.52,0.84,-0.48,0.84,7,7,1.48,4,5.25,1.5,2.5,,"9,11,43"
Alemanha,3. Liga,29/08/2026,09:00,Duisburg,Wurzburger Kickers,3,0,2,0,Rose N. (Ger),Schauinsland-Reisen-Arena (Duisburg),19 783,31 500,48%,52%,4,3,0,0,3.56,0.46,3.76,0.27,17,7,10,1,5,5,2,1,11,4,6,3,0,0,3,3,2,1,28,15,2,3,3,1,15,15,359,433,83%,365,419,87%,31,48,65%,44,66,66%,126,163,77%,77,106,73%,5,15,31%,6,19,31%,1.11,1.02,20,23,12,14,14,21,69%,16,27,60%,58,53,21,30,9,12,0,0,0,0,1,7,1,7,0.27,3.76,0.27,0.76,7,8,1.55,3.5,5,1.7,2.1,"9,15,71",
Alemanha,3. Liga,29/08/2026,09:00,Grossaspach,Ingolstadt,0,2,0,1,Kluge M. (Ger),WIRmachenDRUCK Arena (Aspach),1 064,10 001,70%,30%,0,2,0,1,1.94,1.99,1.96,1.95,17,9,7,5,5,4,5,0,11,5,6,4,0,0,1,2,14,2,30,19,4,1,3,2,18,11,451,571,79%,381,433,88%,41,61,67%,32,56,57%,97,136,71%,102,132,77%,4,17,25%,6,20,32%,0.47,0.72,25,22,8,14,14,19,75%,14,22,64%,60,49,17,22,11,11,0,0,0,0,3,7,3,7,1.95,1.96,-0.05,1.96,9,9,2.4,3.4,2.4,1.57,2.35,,"4,55"
Alemanha,3. Liga,29/08/2026,09:00,Verl,Fortuna Koln,1,2,0,0,Sambill L. (Ger),Sportclub Arena (Verl),1 941,5 207,74%,26%,3,2,0,1,2.7,1.47,2.84,1.41,18,5,9,3,9,2,0,0,11,3,7,2,0,0,3,2,6,1,32,15,2,2,1,5,13,15,408,517,79%,329,411,80%,43,62,69%,30,58,52%,95,137,69%,109,134,81%,4,19,23%,5,22,24%,1.11,0.72,22,17,13,7,16,25,65%,18,26,68%,62,54,17,26,9,11,0,0,0,0,1,8,1,8,1.41,2.84,-0.59,1.84,11,11,1.91,3.5,3.3,1.57,2.35,90,"62,89"
Alemanha,3. Liga,29/08/2026,09:00,Wehen,RW Essen,0,0,0,0,Exuzidis L. (Ger),BRITA-Arena (Wiesbaden),4 329,12 566,48%,52%,4,1,0,0,1.86,1.5,1.96,1.35,15,15,7,5,3,6,5,4,9,9,6,6,0,0,2,3,5,5,25,13,1,3,2,2,10,13,467,584,80%,329,392,84%,40,64,62%,31,60,52%,101,149,68%,92,138,67%,4,18,22%,4,13,28%,0.79,1.02,29,19,11,8,15,22,66%,14,21,66%,55,45,18,27,8,13,0,0,0,0,5,7,5,7,1.35,1.96,1.35,1.96,10,10,3,3.5,2.05,1.57,2.35,,
Alemanha,2. Bundesliga,29/08/2026,08:00,Cottbus,Furth,3,4,1,1,Weller F. (Ger),LEAG Energie Stadion (Cottbus),13 171,22 450,54%,46%,2,2,0,0,3.04,1.99,2.63,2.87,23,15,6,7,12,4,5,4,16,11,7,4,0,1,4,4,10,6,33,26,1,0,4,0,16,11,388,450,86%,302,386,78%,18,43,42%,27,63,43%,135,167,81%,68,108,63%,9,29,31%,1,19,5%,2.15,0.82,22,17,11,16,5,12,42%,18,29,62%,42,52,22,26,9,5,0,0,2,0,4,3,4,3,2.87,2.63,-0.13,-0.37,9,10,2.5,3.7,2.6,1.6,2.3,"6,70,90","45,47,72,80"
Alemanha,2. Bundesliga,29/08/2026,08:00,1. FC Heidenheim,Dresden,5,3,0,1,Bickel F. (Ger),Voith-Arena (Heidenheim),15 000,15 000,37%,63%,2,3,0,1,3.24,1.52,2.95,1.3,27,17,10,8,11,7,6,2,20,12,7,5,2,0,6,3,6,9,36,21,0,1,4,0,6,8,198,274,72%,403,497,81%,33,69,48%,31,78,40%,51,82,62%,83,129,64%,9,30,30%,2,18,11%,1.3,1.07,18,18,8,6,10,12,83%,10,14,71%,45,52,23,28,10,3,0,1,0,0,3,6,3,6,1.3,2.95,-1.7,-1.05,12,11,2.15,3.5,3.2,1.57,2.35,"67,77,87,89,90","30,73,90"
Alemanha,2. Bundesliga,29/08/2026,08:00,Karlsruher,VfL Wolfsburg,2,5,2,3,Erbst L. (Ger),BBBank Wildpark (Karlsruhe),28 143,34 302,42%,58%,0,1,0,0,1.59,3.04,0.93,2.5,18,27,5,11,9,6,4,10,12,19,6,8,0,0,2,3,10,8,25,42,0,1,3,0,14,13,259,326,79%,409,473,86%,20,38,53%,34,52,65%,100,141,71%,120,145,83%,4,27,15%,9,21,43%,1.05,2.7,13,7,13,14,7,9,78%,10,13,77%,34,39,17,37,8,12,0,1,2,0,6,3,6,3,2.5,0.93,-2.5,-1.07,9,11,3,3.6,2.2,1.57,2.35,"7,12","10,28,45,88,90"
Alemanha,Bundesliga,28/08/2026,15:30,Bayern München,VfB Stuttgart,5,1,1,0,Storks S. (Ger),Allianz Arena (Munich),75 000,75 024,59%,41%,1,3,0,0,4.06,0.78,4.44,1.14,21,11,9,4,6,3,6,4,14,7,7,4,1,1,6,2,9,3,49,17,8,0,3,1,17,10,448,548,82%,280,370,76%,29,61,48%,17,45,38%,145,194,75%,78,119,66%,2,10,20%,2,15,13%,3.73,0.69,15,8,10,17,4,6,67%,12,19,63%,48,46,21,25,11,12,0,1,0,1,3,5,3,5,1.14,4.44,0.14,0.44,4,7,1.22,7.5,10,1.17,5,"21,55,58,82,90",52
Arábia Saudita,Liga Profissional Saudita,28/08/2026,15:00,Al-Khaleej,Al-Hilal,1,5,1,5,Kovacs I. (Rou),Prince Mohamed bin Fahd Stadium (Dammam),12 083,26 000,47%,53%,1,1,0,0,1.39,4.3,1.89,3.89,10,23,4,7,4,11,2,5,5,17,5,6,0,1,3,7,3,2,12,33,0,5,3,3,7,5,358,403,89%,436,466,94%,17,29,59%,17,27,63%,92,116,79%,123,141,87%,1,15,7%,1,10,10%,0.3,2.67,12,10,5,7,6,10,60%,5,10,50%,22,33,9,12,7,8,1,0,1,1,2,3,2,3,3.89,1.89,-1.11,0.89,13,6,8,4.5,1.29,1.57,2.35,38,"15,29,40,43,45"
Arábia Saudita,Liga Profissional Saudita,28/08/2026,15:00,Al Nassr Riyadh,Al-Taawon,2,1,1,1,Al Shehri A. (Sau),King Saud University Stadium (Riyadh),24 624,26 100,58%,42%,2,1,0,0,2.21,0.89,2.4,0.84,16,5,6,2,6,1,4,2,13,2,3,3,1,2,2,1,10,4,36,9,0,0,0,1,8,15,355,413,86%,254,313,81%,34,54,63%,19,44,43%,125,168,74%,54,75,72%,6,30,20%,1,9,11%,1.46,0.18,20,20,15,8,11,17,65%,12,19,63%,41,50,10,32,11,14,0,1,0,0,1,3,1,3,0.84,2.4,-0.16,0.4,5,6,1.22,5.75,7.5,1.36,3.1,"45,50",11
Internacional,Campeonato,28/08/2026,15:00,Al-Khaleej,Al-Hilal,1,5,1,5,Kovacs I. (Rou),Prince Mohamed bin Fahd Stadium (Dammam),12 083,26 000,47%,53%,1,1,0,0,1.39,4.3,1.89,3.89,10,23,4,7,4,11,2,5,5,17,5,6,0,1,3,7,3,2,12,33,0,5,3,3,7,5,358,403,89%,436,466,94%,17,29,59%,17,27,63%,92,116,79%,123,141,87%,1,15,7%,1,10,10%,0.3,2.67,12,10,5,7,6,10,60%,5,10,50%,22,33,9,12,7,8,1,0,1,1,2,3,2,3,3.89,1.89,-1.11,0.89,13,6,8,4.5,1.29,1.57,2.35,38,"15,29,40,43,45"
Internacional,Campeonato,28/08/2026,15:00,Al Nassr Riyadh,Al-Taawon,2,1,1,1,Al Shehri A. (Sau),King Saud University Stadium (Riyadh),24 624,26 100,58%,42%,2,1,0,0,2.21,0.89,2.4,0.84,16,5,6,2,6,1,4,2,13,2,3,3,1,2,2,1,10,4,36,9,0,0,0,1,8,15,355,413,86%,254,313,81%,34,54,63%,19,44,43%,125,168,74%,54,75,72%,6,30,20%,1,9,11%,1.46,0.18,20,20,15,8,11,17,65%,12,19,63%,41,50,10,32,11,14,0,1,0,0,1,3,1,3,0.84,2.4,-0.16,0.4,5,6,1.22,5.75,7.5,1.36,3.1,"45,50",11
Alemanha,3. Liga,28/08/2026,14:00,Fortuna Düsseldorf,Stuttgart II,1,0,0,0,Bauer T. (Ger),Merkur Spiel-Arena (Düsseldorf),25 805,54 600,51%,49%,3,4,0,0,1.6,0.73,1.44,0.81,13,5,4,3,4,2,5,0,8,3,5,2,0,0,2,3,7,3,22,15,2,3,3,0,21,23,448,553,81%,330,379,87%,40,68,59%,32,64,50%,91,118,77%,115,146,79%,5,15,31%,5,17,31%,0.79,1.02,17,17,20,21,17,21,79%,14,24,60%,52,51,19,22,9,15,0,0,0,0,3,3,3,3,0.81,1.44,0.81,0.44,7,8,1.7,3.8,3.8,1.44,2.7,59,
Alemanha,2. Bundesliga,28/08/2026,13:30,VfL Bochum,Osnabruck,0,1,0,1,Wagner F. (Ger),Vonovia Ruhrstadion (Bochum),24 000,26 000,66%,34%,3,4,0,0,1.36,0.52,0.03,0.62,20,8,1,2,10,3,9,3,12,4,8,4,1,1,1,0,6,1,28,11,0,0,0,3,12,15,564,661,85%,250,349,72%,20,40,50%,25,60,42%,120,183,66%,59,102,58%,8,28,29%,0,8,0%,1.17,0.54,26,15,15,12,8,9,89%,12,21,57%,52,54,14,39,14,17,0,1,0,0,1,1,1,1,0.62,0.03,-0.38,0.03,5,12,1.9,3.6,3.8,1.67,2.15,,4
Alemanha,2. Bundesliga,28/08/2026,13:30,Braunschweig,Hertha BSC,3,5,2,2,Hempel R. (Ger),Eintracht-Stadion (Braunschweig),21 883,23 325,46%,54%,2,4,0,0,2.59,3.6,2.02,3.04,17,26,9,6,7,10,1,10,10,19,7,7,0,1,5,5,5,12,29,44,1,2,0,3,15,9,274,350,78%,340,401,85%,26,48,54%,33,50,66%,68,105,65%,97,132,73%,3,15,20%,7,34,21%,0.95,1.97,17,19,9,15,13,18,72%,11,20,55%,51,48,24,25,10,6,1,0,1,1,1,5,1,5,3.04,2.02,-0.96,-0.98,12,10,2.75,3.5,2.4,1.57,2.35,"9,33,88","43,45,53,69,87"
Arábia Saudita,Liga Profissional Saudita,28/08/2026,13:00,Al-Fayha,Abha,3,2,1,0,Al Hoaish M. (Sau),King Abdullah Sports City Stadium (Buraidah),502,34 000,55%,45%,0,3,0,0,2.15,1.41,1.98,1.49,18,8,6,5,7,2,5,1,12,5,6,3,1,0,4,2,5,3,24,14,0,0,2,5,16,8,385,444,87%,293,356,82%,30,49,61%,25,43,58%,67,95,71%,46,81,57%,2,11,18%,1,10,10%,0.83,0.4,17,21,8,16,8,13,62%,10,16,63%,46,43,25,15,4,6,1,1,0,1,3,3,3,3,1.49,1.98,-0.51,-0.02,8,6,2.5,3.2,2.6,2.05,1.75,"32,56,87","84,90"
Internacional,Campeonato,28/08/2026,13:00,Al-Fayha,Abha,3,2,1,0,Al Hoaish M. (Sau),King Abdullah Sports City Stadium (Buraidah),502,34 000,55%,45%,0,3,0,0,2.15,1.41,1.98,1.49,18,8,6,5,7,2,5,1,12,5,6,3,1,0,4,2,5,3,24,14,0,0,2,5,16,8,385,444,87%,293,356,82%,30,49,61%,25,43,58%,67,95,71%,46,81,57%,2,11,18%,1,10,10%,0.83,0.4,17,21,8,16,8,13,62%,10,16,63%,46,43,25,15,4,6,1,1,0,1,3,3,3,3,1.49,1.98,-0.51,-0.02,8,6,2.5,3.2,2.6,2.05,1.75,"32,56,87","84,90"
Arábia Saudita,Liga Profissional Saudita,28/08/2026,12:50,Al-Riyadh,Neom SC,1,0,0,0,Abu Shaqarah M. (Sau),Prince Faisal bin Fahd Stadium (Riyadh),732,44 500,33%,67%,3,1,0,0,0.75,0.77,0.55,0.12,10,12,3,3,5,4,2,5,7,8,3,4,0,0,1,1,5,5,15,26,2,0,2,0,9,13,204,263,78%,487,547,89%,21,50,42%,23,43,53%,33,62,53%,126,163,77%,2,14,14%,6,24,25%,0.48,1.13,13,22,13,9,9,13,69%,7,18,39%,44,46,33,15,7,4,0,1,0,0,3,2,3,2,0.12,0.55,0.12,-0.45,11,6,3.6,3.4,1.8,1.73,2.08,61,
Internacional,Campeonato,28/08/2026,12:50,Al-Riyadh,Neom SC,1,0,0,0,Abu Shaqarah M. (Sau),Prince Faisal bin Fahd Stadium (Riyadh),732,44 500,33%,67%,3,1,0,0,0.75,0.77,0.55,0.12,10,12,3,3,5,4,2,5,7,8,3,4,0,0,1,1,5,5,15,26,2,0,2,0,9,13,204,263,78%,487,547,89%,21,50,42%,23,43,53%,33,62,53%,126,163,77%,2,14,14%,6,24,25%,0.48,1.13,13,22,13,9,9,13,69%,7,18,39%,44,46,33,15,7,4,0,1,0,0,3,2,3,2,0.12,0.55,0.12,-0.45,11,6,3.6,3.4,1.8,1.73,2.08,61,
Arábia Saudita,Liga Profissional Saudita,26/08/2026,15:00,Al Diriyah,Al-Kholood,1,1,0,0,Al Ismail M. (Sau),Prince Turki bin Abdul Aziz Stadium (Riyadh),2 829,15 000,58%,42%,0,3,0,0,0.69,1.6,0.22,0.74,10,9,1,4,5,5,4,0,6,9,4,0,0,0,1,4,8,1,31,24,1,1,0,1,10,14,459,524,88%,321,384,84%,15,32,47%,21,47,45%,118,148,80%,76,105,72%,5,28,18%,6,11,55%,0.97,1.52,15,21,14,10,10,19,53%,11,18,61%,46,50,8,24,7,17,1,1,0,0,3,0,3,0,0.74,0.22,-0.26,-0.78,7,7,1.62,3.75,4.5,1.8,2,83,71
Internacional,Campeonato,26/08/2026,15:00,Al Diriyah,Al-Kholood,1,1,0,0,Al Ismail M. (Sau),Prince Turki bin Abdul Aziz Stadium (Riyadh),2 829,15 000,58%,42%,0,3,0,0,0.69,1.6,0.22,0.74,10,9,1,4,5,5,4,0,6,9,4,0,0,0,1,4,8,1,31,24,1,1,0,1,10,14,459,524,88%,321,384,84%,15,32,47%,21,47,45%,118,148,80%,76,105,72%,5,28,18%,6,11,55%,0.97,1.52,15,21,14,10,10,19,53%,11,18,61%,46,50,8,24,7,17,1,1,0,0,3,0,3,0,0.74,0.22,-0.26,-0.78,7,7,1.62,3.75,4.5,1.8,2,83,71
Arábia Saudita,Liga Profissional Saudita,26/08/2026,13:00,Al-Faysaly,Al-Fateh,1,1,1,1,Al Jurays S. (Sau),Al Majma'ah Sports City (Al Majma'ah),760,7 000,46%,54%,4,2,1,0,1.35,1.99,1.38,2.15,12,14,4,7,8,4,0,3,9,8,3,6,1,0,2,4,2,4,17,25,0,1,2,4,15,12,263,325,81%,323,381,85%,29,56,52%,33,54,61%,63,86,73%,96,123,78%,8,20,40%,4,19,21%,1.06,1.68,12,21,12,15,8,15,53%,7,13,54%,41,50,19,17,11,14,0,0,0,0,6,3,6,3,2.15,1.38,1.15,0.38,12,6,2.75,3.65,2.37,1.7,2.18,41,29
Internacional,Campeonato,26/08/2026,13:00,Al-Faysaly,Al-Fateh,1,1,1,1,Al Jurays S. (Sau),Al Majma'ah Sports City (Al Majma'ah),760,7 000,46%,54%,4,2,1,0,1.35,1.99,1.38,2.15,12,14,4,7,8,4,0,3,9,8,3,6,1,0,2,4,2,4,17,25,0,1,2,4,15,12,263,325,81%,323,381,85%,29,56,52%,33,54,61%,63,86,73%,96,123,78%,8,20,40%,4,19,21%,1.06,1.68,12,21,12,15,8,15,53%,7,13,54%,41,50,19,17,11,14,0,0,0,0,6,3,6,3,2.15,1.38,1.15,0.38,12,6,2.7,3.4,2.25,1.75,2.05,41,29
Arábia Saudita,Liga Profissional Saudita,25/08/2026,15:00,Al-Ettifaq,Al Nassr Riyadh,2,3,2,0,Al-Turais K. (Sau),Abdullah Al Dabil Stadium (Dammam),8 525,55 612,60%,40%,1,1,0,1,0.6,2.54,0.71,2.66,14,14,5,9,5,4,4,1,3,8,11,6,0,1,0,5,2,6,21,17,1,4,5,7,10,11,393,452,87%,239,293,82%,17,37,46%,29,57,51%,103,131,79%,58,93,62%,2,12,17%,2,15,13%,0.42,1.81,8,18,11,10,8,11,73%,6,9,67%,32,32,21,15,4,6,1,1,1,3,6,3,6,3,2.66,0.71,-0.34,-1.29,6,7,8.6,6.2,1.25,1.27,3.45,"31,45","74,77,90"
Arábia Saudita,Liga Profissional Saudita,25/08/2026,15:00,Al-Shabab,Al-Riyadh,3,3,2,2,Al Rumaikhani A. (Sau),Al-Shabab Club Stadium (Riyadh),3 325,15 000,65%,35%,0,2,0,1,2.71,1.22,2.95,1.93,25,12,8,4,8,5,9,3,15,5,10,7,1,1,5,4,10,4,51,16,0,1,3,1,13,5,446,518,86%,208,275,76%,25,42,60%,22,54,41%,203,247,82%,52,85,61%,5,25,20%,3,18,17%,2.79,0.44,17,16,5,13,10,19,53%,6,14,43%,49,34,25,32,10,16,0,0,0,0,1,6,1,6,1.93,2.95,-1.07,0.95,5,17,1.65,3.8,4.1,1.57,2.35,"36,45,81","32,41,57"
Internacional,Campeonato,25/08/2026,15:00,Al-Ettifaq,Al Nassr Riyadh,2,3,2,0,Al-Turais K. (Sau),Abdullah Al Dabil Stadium (Dammam),8 525,55 612,60%,40%,1,1,0,1,0.6,2.54,0.71,2.66,14,14,5,9,5,4,4,1,3,8,11,6,0,1,0,5,2,6,21,17,1,4,5,7,10,11,393,452,87%,239,293,82%,17,37,46%,29,57,51%,103,131,79%,58,93,62%,2,12,17%,2,15,13%,0.42,1.81,8,18,11,10,8,11,73%,6,9,67%,32,32,21,15,4,6,1,1,1,3,6,3,6,3,2.66,0.71,-0.34,-1.29,6,7,8.5,5.5,1.22,1.29,3.6,"31,45","74,77,90"
Arábia Saudita,Liga Profissional Saudita,25/08/2026,13:10,Al-Taawon,Al-Fayha,0,0,0,0,Al Hunfush S. (Sau),Al Taawon Arena (Buraidah),3 431,25 000,62%,38%,1,1,0,0,2.52,1.09,1.38,0.25,26,12,6,5,14,5,6,2,18,8,8,4,0,1,3,1,12,3,51,16,3,0,1,3,8,10,470,540,87%,275,347,79%,19,30,63%,27,58,47%,128,177,72%,49,70,70%,11,36,31%,1,9,11%,2.61,0.16,14,11,10,8,10,15,67%,8,20,40%,55,50,15,33,7,12,0,4,0,0,5,6,5,6,0.25,1.38,0.25,1.38,4,17,1.57,3.7,4.75,1.85,1.95,,
Internacional,Campeonato,25/08/2026,13:10,Al-Taawon,Al-Fayha,0,0,0,0,Al Hunfush S. (Sau),Al Taawon Arena (Buraidah),3 431,25 000,62%,38%,1,1,0,0,2.52,1.09,1.38,0.25,26,12,6,5,14,5,6,2,18,8,8,4,0,1,3,1,12,3,51,16,3,0,1,3,8,10,470,540,87%,275,347,79%,19,30,63%,27,58,47%,128,177,72%,49,70,70%,11,36,31%,1,9,11%,2.61,0.16,14,11,10,8,10,15,67%,8,20,40%,55,50,15,33,7,12,0,4,0,0,5,6,5,6,0.25,1.38,0.25,1.38,4,17,1.57,3.7,4.75,1.85,1.95,,
Arábia Saudita,Liga Profissional Saudita,25/08/2026,13:05,Abha,Al-Khaleej,1,1,1,1,Al Qahtani A. (Sau),Prince Sultan bin Abdul Aziz Stadium (Abha),2 252,25 000,52%,48%,2,1,0,0,0.92,0.97,1.16,0.67,15,8,4,1,10,3,1,4,10,5,5,3,0,0,1,4,5,2,21,11,0,0,1,1,6,8,360,437,82%,317,401,79%,31,60,52%,26,64,41%,90,128,70%,51,90,57%,3,19,16%,1,12,8%,0.72,0.31,19,31,8,6,9,14,64%,3,8,38%,37,31,13,24,13,10,1,1,0,0,0,3,0,3,0.67,1.16,-0.33,0.16,7,12,2.55,3.1,2.6,2,1.8,24,17
Internacional,Campeonato,25/08/2026,13:05,Abha,Al-Khaleej,1,1,1,1,Al Qahtani A. (Sau),Prince Sultan bin Abdul Aziz Stadium (Abha),2 252,25 000,52%,48%,2,1,0,0,0.92,0.97,1.16,0.67,15,8,4,1,10,3,1,4,10,5,5,3,0,0,1,4,5,2,21,11,0,0,1,1,6,8,360,437,82%,317,401,79%,31,60,52%,26,64,41%,90,128,70%,51,90,57%,3,19,16%,1,12,8%,0.72,0.31,19,31,8,6,9,14,64%,3,8,38%,37,31,13,24,13,10,1,1,0,0,0,3,0,3,0.67,1.16,-0.33,0.16,7,12,2.55,3.1,2.6,2,1.8,24,17
Arábia Saudita,Liga Profissional Saudita,24/08/2026,15:00,Al-Ittihad,Al Hazem,3,2,2,1,Al Harbi A. (Sau),King Abdullah Sports City (Jeddah),8 987,62 345,54%,46%,3,3,0,0,3.9,0.79,2.44,0.89,15,8,6,2,6,4,3,2,12,6,3,2,2,0,7,3,4,3,20,20,1,0,3,1,11,21,385,441,87%,317,388,82%,19,33,58%,24,47,51%,97,123,79%,54,87,62%,3,21,14%,5,12,42%,0.79,0.76,24,13,21,11,10,16,63%,12,18,67%,46,47,14,21,13,13,0,0,0,0,0,2,0,2,0.89,2.44,-1.11,-0.56,6,8,1.57,3.9,4.5,1.62,2.25,"34,41,81","18,59"
Internacional,Campeonato,24/08/2026,15:00,Al-Ittihad,Al Hazem,3,2,2,1,Al Harbi A. (Sau),King Abdullah Sports City (Jeddah),8 987,62 345,54%,46%,3,3,0,0,3.9,0.79,2.44,0.89,15,8,6,2,6,4,3,2,12,6,3,2,2,0,7,3,4,3,20,20,1,0,3,1,11,21,385,441,87%,317,388,82%,19,33,58%,24,47,51%,97,123,79%,54,87,62%,3,21,14%,5,12,42%,0.79,0.76,24,13,21,11,10,16,63%,12,18,67%,46,47,14,21,13,13,0,0,0,0,0,2,0,2,0.89,2.44,-1.11,-0.56,6,8,1.57,3.9,4.5,1.62,2.25,"34,41,81","18,59"
Arábia Saudita,Liga Profissional Saudita,24/08/2026,13:40,Neom SC,Al-Qadsiah,0,2,0,1,Al Balawi F. (Sau),King Khalid Sports City (Tabuk),3 699,12 000,52%,48%,1,1,0,0,1.26,2.1,1.23,1.04,16,9,5,3,10,5,1,1,12,5,4,4,0,0,4,3,2,2,25,14,1,1,2,4,11,17,424,476,89%,376,448,84%,32,50,64%,17,42,40%,85,109,78%,53,80,66%,6,22,27%,3,11,27%,0.85,0.64,18,20,17,11,9,15,60%,11,18,61%,38,40,18,20,13,9,1,2,0,0,1,5,1,5,1.04,1.23,-0.96,1.23,5,13,5.25,4.5,1.42,1.53,2.4,,"29,56"
Internacional,Campeonato,24/08/2026,13:40,Neom SC,Al-Qadsiah,0,2,0,1,Al Balawi F. (Sau),King Khalid Sports City (Tabuk),3 699,12 000,52%,48%,1,1,0,0,1.26,2.1,1.23,1.04,16,9,5,3,10,5,1,1,12,5,4,4,0,0,4,3,2,2,25,14,1,1,2,4,11,17,424,476,89%,376,448,84%,32,50,64%,17,42,40%,85,109,78%,53,80,66%,6,22,27%,3,11,27%,0.85,0.64,18,20,17,11,9,15,60%,11,18,61%,38,40,18,20,13,9,1,2,0,0,1,5,1,5,1.04,1.23,-0.96,1.23,5,13,5.25,4.5,1.42,1.53,2.4,,"29,56"
Arábia Saudita,Liga Profissional Saudita,22/08/2026,15:00,Al-Ahli,Abha,4,0,2,0,Al Jurays I. (Sau),King Abdullah Sports City (Jeddah),20 784,62 345,50%,50%,2,2,0,0,2.8,1.41,2.68,1.11,16,12,7,3,8,5,1,4,11,10,5,2,0,0,6,4,2,4,33,17,1,1,2,1,11,18,371,429,86%,360,412,87%,33,49,67%,19,32,59%,77,101,76%,63,84,75%,4,10,40%,5,22,23%,1.07,1.12,10,12,18,11,10,25,40%,5,17,29%,54,50,15,14,10,7,0,1,0,1,3,3,3,3,1.11,2.68,1.11,-1.32,7,11,1.17,6.25,11,1.44,2.7,"5,13,51,57",
Arábia Saudita,Liga Profissional Saudita,22/08/2026,15:00,Al-Khaleej,Al-Shabab,0,0,0,0,Al Balawi F. (Sau),Prince Mohamed bin Fahd Stadium (Dammam),2 690,26 000,45%,55%,1,1,0,0,0.69,1.22,0.46,0.29,8,15,3,5,2,6,3,4,2,6,6,9,0,0,1,1,3,6,13,49,0,0,2,0,11,11,317,375,85%,385,447,86%,32,57,56%,31,47,66%,62,105,59%,151,183,83%,5,14,36%,4,22,18%,0.45,1.26,10,20,11,11,10,18,56%,10,14,71%,44,47,33,18,8,7,1,0,0,0,4,3,4,3,0.29,0.46,0.29,0.46,9,7,2.55,3.4,2.3,1.67,2.15,,
Internacional,Campeonato,22/08/2026,15:00,Al-Ahli,Abha,4,0,2,0,Al Jurays I. (Sau),King Abdullah Sports City (Jeddah),20 784,62 345,50%,50%,2,2,0,0,2.8,1.41,2.68,1.11,16,12,7,3,8,5,1,4,11,10,5,2,0,0,6,4,2,4,33,17,1,1,2,1,11,18,371,429,86%,360,412,87%,33,49,67%,19,32,59%,77,101,76%,63,84,75%,4,10,40%,5,22,23%,1.07,1.12,10,12,18,11,10,25,40%,5,17,29%,54,50,15,14,10,7,0,1,0,1,3,3,3,3,1.11,2.68,1.11,-1.32,7,11,1.17,6.25,11,1.44,2.7,"5,13,51,57",
Internacional,Campeonato,22/08/2026,15:00,Al-Khaleej,Al-Shabab,0,0,0,0,Al Balawi F. (Sau),Prince Mohamed bin Fahd Stadium (Dammam),2 690,26 000,45%,55%,1,1,0,0,0.69,1.22,0.46,0.29,8,15,3,5,2,6,3,4,2,6,6,9,0,0,1,1,3,6,13,49,0,0,2,0,11,11,317,375,85%,385,447,86%,32,57,56%,31,47,66%,62,105,59%,151,183,83%,5,14,36%,4,22,18%,0.45,1.26,10,20,11,11,10,18,56%,10,14,71%,44,47,33,18,8,7,1,0,0,0,4,3,4,3,0.29,0.46,0.29,0.46,9,7,2.55,3.4,2.3,1.67,2.15,,
Arábia Saudita,Liga Profissional Saudita,22/08/2026,13:10,Al-Kholood,Al-Taawon,3,2,3,0,Al Hoaish M. (Sau),Al-Hazem Club Stadium (Ar Rass),1 224,8 000,39%,61%,4,0,0,0,1.84,1.52,3.18,1.52,11,13,6,3,4,6,1,4,8,9,3,4,0,0,3,2,3,4,11,21,1,0,3,0,24,19,255,309,83%,417,475,88%,26,48,54%,34,48,71%,48,71,68%,96,133,72%,2,7,29%,6,18,33%,0.29,1.22,14,12,19,24,5,10,50%,10,14,71%,46,44,29,3,11,5,1,0,0,0,0,3,0,3,1.52,3.18,-0.48,0.18,10,2,2.75,3.25,2.25,1.85,1.95,"21,30,45","52,90"
Internacional,Campeonato,22/08/2026,13:10,Al-Kholood,Al-Taawon,3,2,3,0,Al Hoaish M. (Sau),Al-Hazem Club Stadium (Ar Rass),1 224,8 000,39%,61%,4,0,0,0,1.84,1.52,3.18,1.52,11,13,6,3,4,6,1,4,8,9,3,4,0,0,3,2,3,4,11,21,1,0,3,0,24,19,255,309,83%,417,475,88%,26,48,54%,34,48,71%,48,71,68%,96,133,72%,2,7,29%,6,18,33%,0.29,1.22,14,12,19,24,5,10,50%,10,14,71%,46,44,29,3,11,5,1,0,0,0,0,3,0,3,1.52,3.18,-0.48,0.18,10,2,2.75,3.25,2.25,1.85,1.95,"21,30,45","52,90"
Arábia Saudita,Liga Profissional Saudita,22/08/2026,12:45,Al-Fateh,Al-Ettifaq,0,1,0,0,Al Qahtani A. (Sau),Al Fateh club stadium (Al-Hofuf),8 678,19 096,45%,55%,0,0,0,0,1.01,1.95,1.37,1.19,11,14,4,3,6,8,1,3,8,11,3,3,0,0,2,2,6,11,14,33,0,1,4,2,9,12,273,330,83%,330,396,83%,27,58,47%,22,44,50%,52,79,66%,105,152,69%,3,15,20%,6,27,22%,0.27,1.23,18,19,12,9,14,24,58%,9,18,50%,45,42,25,20,12,8,1,1,0,0,2,4,2,4,1.19,1.37,0.19,1.37,13,8,2.3,3.4,2.55,1.57,2.35,,78
Internacional,Campeonato,22/08/2026,12:45,Al-Fateh,Al-Ettifaq,0,1,0,0,Al Qahtani A. (Sau),Al Fateh club stadium (Al-Hofuf),8 678,19 096,45%,55%,0,0,0,0,1.01,1.95,1.37,1.19,11,14,4,3,6,8,1,3,8,11,3,3,0,0,2,2,6,11,14,33,0,1,4,2,9,12,273,330,83%,330,396,83%,27,58,47%,22,44,50%,52,79,66%,105,152,69%,3,15,20%,6,27,22%,0.27,1.23,18,19,12,9,14,24,58%,9,18,50%,45,42,25,20,12,8,1,1,0,0,2,4,2,4,1.19,1.37,0.19,1.37,13,8,2.3,3.4,2.55,1.57,2.35,,78
Arábia Saudita,Liga Profissional Saudita,21/08/2026,15:00,Al-Faysaly,Neom SC,0,2,0,0,Al-Hanfoosh M. (Sau),Al Majma'ah Sports City (Al Majma'ah),637,7 000,58%,42%,2,0,0,0,0.6,1.3,1.18,1.33,7,8,3,3,3,4,1,1,5,5,2,3,0,0,1,3,1,3,13,17,0,0,3,2,15,7,393,460,85%,280,339,83%,30,54,56%,25,52,48%,75,113,66%,29,49,59%,3,17,18%,1,8,13%,0.65,0.88,19,22,7,15,10,18,56%,8,10,80%,45,32,15,23,9,4,0,0,1,0,1,3,1,3,1.33,1.18,-0.67,1.18,9,7,3.2,3.75,1.9,1.65,2.2,,"51,60"
Arábia Saudita,Liga Profissional Saudita,21/08/2026,15:00,Al-Qadsiah,Al-Ittihad,0,1,0,1,Sampaio W. (Bra),Prince Saud bin Jalawi Stadium (Dammam),10 709,20 100,66%,34%,1,2,0,1,2.61,0.28,0.93,0.34,26,5,9,2,11,1,6,2,16,0,10,5,0,2,5,0,15,1,71,4,1,0,6,3,8,11,490,556,88%,234,295,79%,18,29,62%,20,51,39%,218,264,83%,38,66,58%,9,34,26%,3,6,50%,3.01,0.12,26,10,11,8,7,13,54%,6,9,67%,41,44,8,45,5,12,0,0,0,0,1,8,1,8,0.34,0.93,-0.66,0.93,1,15,1.3,5,6.5,1.3,3.5,,45
Internacional,Campeonato,21/08/2026,15:00,Al-Faysaly,Neom SC,0,2,0,0,Al-Hanfoosh M. (Sau),Al Majma'ah Sports City (Al Majma'ah),637,7 000,58%,42%,2,0,0,0,0.6,1.3,1.18,1.33,7,8,3,3,3,4,1,1,5,5,2,3,0,0,1,3,1,3,13,17,0,0,3,2,15,7,393,460,85%,280,339,83%,30,54,56%,25,52,48%,75,113,66%,29,49,59%,3,17,18%,1,8,13%,0.65,0.88,19,22,7,15,10,18,56%,8,10,80%,45,32,15,23,9,4,0,0,1,0,1,3,1,3,1.33,1.18,-0.67,1.18,9,7,3.2,3.75,1.9,1.65,2.2,,"51,60"
Internacional,Campeonato,21/08/2026,15:00,Al-Qadsiah,Al-Ittihad,0,1,0,1,Sampaio W. (Bra),Prince Saud bin Jalawi Stadium (Dammam),10 709,20 100,66%,34%,1,2,0,1,2.61,0.28,0.93,0.34,26,5,9,2,11,1,6,2,16,0,10,5,0,2,5,0,15,1,71,4,1,0,6,3,8,11,490,556,88%,234,295,79%,18,29,62%,20,51,39%,218,264,83%,38,66,58%,9,34,26%,3,6,50%,3.01,0.12,26,10,11,8,7,13,54%,6,9,67%,41,44,8,45,5,12,0,0,0,0,1,8,1,8,0.34,0.93,-0.66,0.93,1,15,1.3,5,6.5,1.3,3.5,,45
Arábia Saudita,Liga Profissional Saudita,21/08/2026,13:15,Al Hazem,Al Diriyah,0,1,0,1,Al Shehri A. (Sau),Al-Hazem Club Stadium (Ar Rass),1 536,8 000,55%,45%,2,1,0,0,0.29,1.56,0.33,1.56,5,11,2,5,1,4,2,2,2,7,3,4,0,0,1,3,4,1,23,17,0,0,1,6,6,8,367,444,83%,321,374,86%,32,56,57%,28,46,61%,107,157,68%,55,87,63%,1,20,5%,2,8,25%,0.81,0.57,21,12,8,6,8,14,57%,14,20,70%,38,50,8,32,9,7,1,0,0,0,4,2,4,2,1.56,0.33,0.56,0.33,9,5,3.7,3.3,1.85,1.7,2.1,,3
Internacional,Campeonato,21/08/2026,13:15,Al Hazem,Al Diriyah,0,1,0,1,Al Shehri A. (Sau),Al-Hazem Club Stadium (Ar Rass),1 536,8 000,55%,45%,2,1,0,0,0.29,1.56,0.33,1.56,5,11,2,5,1,4,2,2,2,7,3,4,0,0,1,3,4,1,23,17,0,0,1,6,6,8,367,444,83%,321,374,86%,32,56,57%,28,46,61%,107,157,68%,55,87,63%,1,20,5%,2,8,25%,0.81,0.57,21,12,8,6,8,14,57%,14,20,70%,38,50,8,32,9,7,1,0,0,0,4,2,4,2,1.56,0.33,0.56,0.33,9,5,3.7,3.3,1.85,1.7,2.1,,3
Arábia Saudita,Liga Profissional Saudita,21/08/2026,13:00,Al-Riyadh,Al Nassr Riyadh,0,4,0,2,Al Owaidan A. (Sau),Prince Faisal bin Fahd Stadium (Riyadh),9 240,44 500,43%,57%,0,0,0,0,0.59,2.01,0.01,2.89,11,17,1,5,6,6,4,6,4,11,7,6,0,0,1,5,3,9,9,32,0,2,3,1,9,13,289,347,83%,384,444,86%,15,40,38%,20,36,56%,42,70,60%,110,149,74%,3,11,27%,4,24,17%,0.39,1.43,13,18,13,9,6,10,60%,16,21,76%,27,45,22,14,10,8,0,0,0,0,1,1,1,1,2.89,0.01,-1.11,0.01,11,7,8.5,5.75,1.22,1.4,2.88,,"18,45,58,83"
Internacional,Campeonato,21/08/2026,13:00,Al-Riyadh,Al Nassr Riyadh,0,4,0,2,Al Owaidan A. (Sau),Prince Faisal bin Fahd Stadium (Riyadh),9 240,44 500,43%,57%,0,0,0,0,0.59,2.01,0.01,2.89,11,17,1,5,6,6,4,6,4,11,7,6,0,0,1,5,3,9,9,32,0,2,3,1,9,13,289,347,83%,384,444,86%,15,40,38%,20,36,56%,42,70,60%,110,149,74%,3,11,27%,4,24,17%,0.39,1.43,13,18,13,9,6,10,60%,16,21,76%,27,45,22,14,10,8,0,0,0,0,1,1,1,1,2.89,0.01,-1.11,0.01,11,7,8.5,5.75,1.22,1.4,2.88,,"18,45,58,83"
Arábia Saudita,Liga Profissional Saudita,20/08/2026,15:00,Al-Fayha,Al-Hilal,0,3,0,1,Makkelie D. (Ned),King Abdullah Sports City Stadium (Buraidah),3 470,34 000,39%,61%,1,0,0,0,0.32,3.93,0.52,2.92,8,25,3,11,2,11,3,3,3,19,5,6,0,2,0,11,1,5,9,44,0,1,2,4,9,8,324,382,85%,522,575,91%,26,52,50%,22,35,63%,38,58,66%,179,212,84%,1,5,20%,6,26,23%,0.39,1.81,10,16,8,9,8,15,53%,15,21,71%,38,41,30,5,9,11,0,0,0,0,7,3,7,3,2.92,0.52,-0.08,0.52,14,2,8.5,5.25,1.25,1.62,2.25,,"31,46,88"
Internacional,Campeonato,20/08/2026,15:00,Al-Fayha,Al-Hilal,0,3,0,1,Makkelie D. (Ned),King Abdullah Sports City Stadium (Buraidah),3 470,34 000,39%,61%,1,0,0,0,0.32,3.93,0.52,2.92,8,25,3,11,2,11,3,3,3,19,5,6,0,2,0,11,1,5,9,44,0,1,2,4,9,8,324,382,85%,522,575,91%,26,52,50%,22,35,63%,38,58,66%,179,212,84%,1,5,20%,6,26,23%,0.39,1.81,10,16,8,9,8,15,53%,15,21,71%,38,41,30,5,9,11,0,0,0,0,7,3,7,3,2.92,0.52,-0.08,0.52,14,2,8.5,5.25,1.25,1.62,2.25,,"31,46,88"
Alemanha,3. Liga,16/08/2026,14:30,Stuttgart II,Viktoria Koln,1,3,0,1,Schroder H. (Ger),MHPArena (Stuttgart),925,60 449,56%,44%,4,0,0,0,2.18,2.98,2.28,2.79,14,16,7,7,4,6,3,3,9,9,5,7,0,0,3,3,9,5,29,25,3,2,1,4,24,16,535,594,90%,393,442,89%,42,64,66%,35,58,61%,118,159,74%,104,138,75%,4,16,28%,7,22,33%,1.11,1.02,15,14,15,19,17,22,76%,12,20,62%,59,52,28,30,14,12,0,0,0,0,4,6,4,6,2.79,2.28,-0.21,1.28,8,10,2.55,3.5,2.38,1.48,2.6,50,"45,53,61"
Alemanha,3. Liga,16/08/2026,11:30,Regensburg,Saarbrucken,0,1,0,0,Schulz T. (Ger),Jahnstadion Regensburg (Regensburg),9 721,15 210,50%,50%,2,3,0,0,1.37,1.7,1.4,1.65,12,11,5,5,4,2,3,4,7,6,5,5,0,0,1,1,4,10,18,19,4,1,0,0,8,13,359,455,79%,414,545,76%,36,65,55%,34,66,52%,92,130,71%,99,140,71%,4,17,25%,4,19,20%,0.47,0.42,18,21,12,8,16,23,69%,16,25,64%,48,46,17,26,11,11,0,0,0,0,4,5,4,5,1.65,1.4,0.65,1.4,9,7,2.45,3.5,2.45,1.57,2.35,,90
Alemanha,3. Liga,16/08/2026,08:30,Rostock,Mannheim,3,3,1,2,Weller F. (Ger),Ostseestadion (Rostock),24 500,29 000,59%,41%,2,6,0,0,3.7,1.9,4.04,1.71,16,7,11,3,4,3,1,1,11,4,5,3,0,0,3,3,5,2,29,17,3,2,1,0,12,17,382,434,88%,482,542,89%,42,64,66%,46,68,67%,115,164,70%,104,138,75%,4,16,24%,7,21,33%,1.11,1.02,26,15,16,12,15,22,70%,12,20,62%,59,45,26,24,10,15,0,0,0,0,0,8,0,8,1.71,4.04,-1.29,1.04,8,10,1.6,4.2,4.33,1.44,2.7,"45,55,76","7,29,50"
Alemanha,2. Bundesliga,16/08/2026,08:30,Bielefeld,Cottbus,3,0,2,0,Lechner F. (Ger),Schüco Arena (Bielefeld),25 304,27 332,40%,60%,2,2,0,0,3.57,0.56,3.37,0,17,10,5,0,5,3,7,7,14,7,3,3,0,0,6,0,7,10,34,19,0,0,4,1,18,12,269,345,78%,430,518,83%,28,56,50%,22,50,44%,51,88,58%,79,111,71%,6,19,32%,3,26,12%,1.96,0.4,21,22,12,18,18,22,82%,8,11,73%,66,39,33,21,16,7,0,1,0,2,0,2,0,2,0,3.37,0,0.37,6,8,1.55,4.33,5.5,1.48,2.6,"26,37,76",
Alemanha,2. Bundesliga,16/08/2026,08:30,Dresden,SV Darmstadt 98,1,0,1,0,Oldhafer K. (Ger),Rudolf-Harbig-Stadion (Dresden),30 849,32 249,62%,38%,1,3,0,1,0.52,0.25,1.44,0.15,12,9,6,1,2,3,4,5,5,6,7,3,0,0,1,1,7,5,19,17,0,0,0,0,12,12,624,694,90%,351,417,84%,17,37,46%,24,43,56%,93,121,77%,98,131,75%,1,10,10%,7,22,32%,0.67,0.47,17,14,12,12,7,7,100%,6,16,38%,26,42,20,16,9,16,1,0,0,0,1,5,1,5,0.15,1.44,0.15,0.44,6,4,2,3.6,3.5,1.62,2.25,12,
Alemanha,2. Bundesliga,16/08/2026,08:30,Hannover 96,VfL Wolfsburg,0,1,0,0,Gansloweit T. (Ger),Heinz-von-Heiden-Arena (Hannover),49 000,49 200,52%,48%,1,2,0,0,1.31,1.71,0.67,1.65,14,18,2,7,9,5,3,6,9,7,5,11,1,0,3,1,8,6,33,19,1,1,4,1,9,9,371,465,80%,343,438,78%,32,66,48%,23,61,38%,81,130,62%,82,125,66%,10,17,59%,2,13,15%,1.17,0.73,23,22,9,9,12,17,71%,10,18,56%,40,40,16,21,7,4,1,1,0,0,6,2,6,2,1.65,0.67,0.65,0.67,4,12,2.2,3.7,2.9,1.44,2.7,,87
Alemanha,2. Bundesliga,15/08/2026,15:30,1. FC Kaiserslautern,Karlsruher,0,0,0,0,Hempel R. (Ger),Fritz Walter Stadion (Kaiserslautern),49 327,49 500,51%,49%,3,3,0,0,1.06,0.75,0.2,0.42,11,13,3,8,6,5,2,0,8,5,3,8,0,0,3,2,4,11,19,19,2,1,1,1,19,12,290,379,77%,286,363,79%,21,48,44%,8,40,20%,72,109,66%,69,106,65%,6,18,33%,5,19,26%,1.17,0.66,25,17,12,19,8,18,44%,12,17,71%,66,52,36,31,6,11,2,0,0,0,8,2,8,2,0.42,0.2,0.42,0.2,7,6,2,3.75,3.4,1.57,2.35,,
Arábia Saudita,Liga Profissional Saudita,15/08/2026,15:00,Al-Ittihad,Al-Kholood,1,1,1,0,Al Shamrani M. (Sau),King Abdullah Sports City (Jeddah),18 053,62 345,49%,51%,1,1,1,0,2.34,2.26,1.69,2.12,15,11,4,5,4,4,7,2,9,7,6,4,0,0,5,4,5,3,26,28,1,1,1,1,13,9,367,422,87%,388,436,89%,11,25,44%,24,42,57%,100,129,78%,100,126,79%,3,18,17%,5,27,19%,1.75,1.55,14,10,9,13,7,14,50%,11,16,69%,41,40,26,28,4,13,1,0,0,0,4,3,4,3,2.12,1.69,1.12,0.69,5,5,1.6,3.75,5,1.73,2.08,43,52
Arábia Saudita,Liga Profissional Saudita,15/08/2026,15:00,Al Nassr Riyadh,Al-Fateh,3,0,2,0,Al Balawi F. (Sau),King Saud University Stadium (Riyadh),16 613,26 100,59%,41%,1,1,0,0,1.62,1.07,2.28,0.1,18,9,9,3,7,5,2,1,13,5,5,4,1,1,1,1,6,4,41,20,0,0,3,4,10,11,389,449,87%,243,308,79%,17,33,52%,23,51,45%,116,152,76%,55,81,68%,5,14,36%,2,12,17%,1.37,0.81,10,20,11,10,9,15,60%,13,19,68%,44,46,21,16,9,11,0,1,0,0,3,6,3,6,0.1,2.28,0.1,-0.72,4,11,1.2,5.75,10,1.29,3.6,"37,40,73",
Internacional,Campeonato,15/08/2026,15:00,Al-Ittihad,Al-Kholood,1,1,1,0,Al Shamrani M. (Sau),King Abdullah Sports City (Jeddah),18 053,62 345,49%,51%,1,1,1,0,2.34,2.26,1.69,2.12,15,11,4,5,4,4,7,2,9,7,6,4,0,0,5,4,5,3,26,28,1,1,1,1,13,9,367,422,87%,388,436,89%,11,25,44%,24,42,57%,100,129,78%,100,126,79%,3,18,17%,5,27,19%,1.75,1.55,14,10,9,13,7,14,50%,11,16,69%,41,40,26,28,4,13,1,0,0,0,4,3,4,3,2.12,1.69,1.12,0.69,5,5,1.6,3.75,5,1.73,2.08,43,52
Internacional,Campeonato,15/08/2026,15:00,Al Nassr Riyadh,Al-Fateh,3,0,2,0,Al Balawi F. (Sau),King Saud University Stadium (Riyadh),16 613,26 100,59%,41%,1,1,0,0,1.62,1.07,2.28,0.1,18,9,9,3,7,5,2,1,13,5,5,4,1,1,1,1,6,4,41,20,0,0,3,4,10,11,389,449,87%,243,308,79%,17,33,52%,23,51,45%,116,152,76%,55,81,68%,5,14,36%,2,12,17%,1.37,0.81,10,20,11,10,9,15,60%,13,19,68%,44,46,21,16,9,11,0,1,0,0,3,6,3,6,0.1,2.28,0.1,-0.72,4,11,1.2,5.75,10,1.29,3.6,"37,40,73",
Arábia Saudita,Liga Profissional Saudita,15/08/2026,13:15,Al-Taawon,Al-Khaleej,0,0,0,0,Al Ismail M. (Sau),Al Taawon Arena (Buraidah),3 007,25 000,53%,47%,1,3,0,0,1.45,0.72,0.91,0.39,12,9,3,6,4,3,5,0,11,5,1,4,0,0,3,1,6,4,31,13,0,0,1,1,14,10,304,362,84%,274,336,82%,33,63,52%,23,58,40%,90,126,71%,46,70,66%,6,31,19%,4,20,20%,0.89,0.42,16,22,10,14,12,16,75%,8,11,73%,40,35,22,29,8,5,1,0,0,0,6,3,6,3,0.39,0.91,0.39,0.91,3,10,2.2,3.3,3,1.8,2,,
Internacional,Campeonato,15/08/2026,13:15,Al-Taawon,Al-Khaleej,0,0,0,0,Al Ismail M. (Sau),Al Taawon Arena (Buraidah),3 007,25 000,53%,47%,1,3,0,0,1.45,0.72,0.91,0.39,12,9,3,6,4,3,5,0,11,5,1,4,0,0,3,1,6,4,31,13,0,0,1,1,14,10,304,362,84%,274,336,82%,33,63,52%,23,58,40%,90,126,71%,46,70,66%,6,31,19%,4,20,20%,0.89,0.42,16,22,10,14,12,16,75%,8,11,73%,40,35,22,29,8,5,1,0,0,0,6,3,6,3,0.39,0.91,0.39,0.91,3,10,2.2,3.3,3,1.8,2,,
Alemanha,3. Liga,15/08/2026,11:30,Verl,Duisburg,2,4,1,0,Wagner F. (Ger),Sportclub Arena (Verl),4 129,5 207,47%,53%,4,1,1,0,1.6,3.79,1.76,3.63,4,18,4,9,0,6,0,3,4,11,0,7,0,0,2,4,4,11,19,21,1,3,0,4,16,16,486,552,88%,464,516,90%,26,47,56%,38,62,61%,94,117,80%,76,104,73%,6,18,34%,5,15,34%,0.79,1.32,20,21,15,12,16,20,78%,18,27,66%,49,54,26,29,12,15,0,0,0,0,5,2,5,2,3.63,1.76,-0.37,-0.24,10,11,3,3.5,2.1,1.62,2.25,"8,46","61,62,69,72"
Alemanha,3. Liga,15/08/2026,09:00,Fortuna Düsseldorf,Hoffenheim II,0,2,0,1,Wilke M. (Ger),Merkur Spiel-Arena (Düsseldorf),27 419,54 600,52%,48%,2,3,1,0,1.9,1.29,1.96,1.14,16,5,7,2,9,3,0,0,10,3,6,2,0,0,3,2,8,1,32,19,4,2,0,4,18,15,463,571,81%,459,553,83%,35,51,69%,31,56,56%,97,136,71%,91,112,81%,6,25,25%,5,20,27%,1.11,0.72,34,16,15,14,14,19,75%,21,26,80%,62,54,19,22,11,15,0,0,0,0,0,7,0,7,1.14,1.96,-0.86,1.96,11,9,1.5,4.5,4.33,1.44,2.7,,"3,52"
Alemanha,3. Liga,15/08/2026,09:00,Fortuna Koln,Aachen,1,1,0,1,Lutz D. (Ger),Südstadion (Cologne),10 000,14 944,55%,45%,1,6,0,1,1.8,1.04,1.44,0.84,18,8,4,2,11,5,3,1,11,4,7,4,0,0,2,3,4,4,22,27,4,3,3,1,17,21,344,435,79%,360,445,81%,38,65,59%,32,48,67%,91,110,83%,111,140,79%,8,21,37%,3,12,25%,0.79,1.02,20,16,18,16,16,23,71%,17,24,72%,52,47,17,24,15,11,0,0,0,0,1,3,1,3,0.84,1.44,-0.16,0.44,7,7,3.8,3.2,1.83,1.53,2.4,60,11
Alemanha,3. Liga,15/08/2026,09:00,Meppen,Grossaspach,2,0,1,0,Lotz M. (Ger),Hansch-Arena (Meppen),8 402,13 696,40%,60%,4,3,0,0,3.1,1.46,3.16,1.35,19,14,9,5,7,6,3,3,12,8,7,6,0,0,2,1,6,4,21,17,3,1,3,0,8,21,484,538,90%,339,414,82%,37,63,58%,34,56,60%,111,158,70%,105,136,77%,5,20,24%,5,20,26%,0.79,0.42,15,28,18,7,17,26,64%,15,22,70%,51,52,28,21,10,12,0,0,0,0,5,7,5,7,1.35,3.16,1.35,1.16,6,8,2.6,3.1,2.5,1.8,2,"6,57",
Alemanha,3. Liga,15/08/2026,09:00,Munster,Ingolstadt,1,1,1,1,Besong J. (Ger),Preussenstadion (Munster),12 842,14 300,48%,52%,1,1,0,0,1.5,1.6,1.72,1.38,6,13,5,4,1,7,0,2,5,8,1,5,0,0,1,1,4,4,18,15,2,1,4,4,18,13,329,417,79%,417,491,85%,26,47,55%,32,56,58%,101,147,69%,74,104,71%,5,23,23%,6,20,29%,0.47,0.42,30,26,9,14,19,25,75%,19,25,76%,48,50,17,20,9,11,0,0,0,0,3,4,3,4,1.38,1.72,0.38,0.72,9,11,2.7,2.9,2.45,1.73,2.08,22,27
Alemanha,3. Liga,15/08/2026,09:00,RW Essen,Havelse,1,0,0,0,Nather M. (Ger),Stadion an der Hafenstrasse (Essen),16 580,20 352,61%,39%,3,1,0,0,2.22,0.43,1.72,0.27,24,6,5,1,7,1,12,4,15,3,9,3,0,0,1,1,10,3,18,23,2,1,3,0,15,11,439,517,85%,366,431,85%,29,52,55%,39,58,68%,111,137,81%,81,114,71%,8,23,35%,6,22,29%,0.47,0.42,20,14,7,13,16,25,65%,19,25,76%,48,54,23,19,13,9,0,0,0,0,1,4,1,4,0.27,1.72,0.27,0.72,9,11,1.27,6,7.5,1.29,3.6,64,
Alemanha,2. Bundesliga,15/08/2026,08:00,Furth,1. FC Nürnberg,2,4,2,2,Bauer T. (Ger),Sportpark Ronhof Thomas Sommer (Fürth),16 126,16 626,44%,56%,1,4,0,0,2.84,1.56,2.96,2.55,14,15,6,9,4,4,4,2,9,10,5,5,0,1,3,4,5,3,25,23,0,0,4,1,15,9,271,338,80%,380,440,86%,26,50,52%,17,42,40%,74,106,70%,117,152,77%,4,21,19%,3,15,20%,0.23,0.84,13,16,9,15,11,20,55%,7,14,50%,47,43,16,26,10,7,0,0,0,0,5,4,5,4,2.55,2.96,-1.45,0.96,8,6,3.1,3.5,2.2,1.62,2.25,"22,41","26,45,54,74"
Alemanha,2. Bundesliga,15/08/2026,08:00,Hertha BSC,1. FC Heidenheim,4,1,3,0,Benen L. (Ger),Olympiastadion (Berlin),41 459,74 667,51%,49%,1,2,1,0,2.05,1.24,1.96,1.16,18,11,8,2,5,7,5,2,8,9,10,2,0,0,3,2,5,3,30,22,3,1,1,2,17,12,301,372,81%,272,351,77%,27,52,52%,22,58,38%,87,125,70%,58,102,57%,4,14,29%,2,15,13%,1.1,0.48,25,27,12,17,9,15,60%,10,19,53%,65,51,31,24,9,4,1,0,0,0,1,3,1,3,1.16,1.96,0.16,-2.04,6,6,2.7,3.5,2.45,1.53,2.4,"2,26,35,90",49
Alemanha,2. Bundesliga,15/08/2026,08:00,Osnabruck,Magdeburg,0,3,0,2,Hasmann J. (Ger),Stadion an der Bremer Brück (Osnabrück),15 741,16 667,40%,60%,1,1,0,0,1.35,1.71,0.74,1.98,11,17,4,6,6,8,1,3,10,13,1,4,0,1,3,3,3,10,16,26,1,3,0,5,11,12,272,352,77%,472,545,87%,17,41,41%,53,85,62%,67,104,64%,100,129,78%,7,23,30%,6,22,27%,0.85,1.67,14,18,12,11,12,22,55%,12,16,75%,62,53,36,22,5,2,1,0,0,0,3,4,3,4,1.98,0.74,-1.02,0.74,7,9,2.45,3.5,2.7,1.57,2.35,,"24,35,69"
Arábia Saudita,Liga Profissional Saudita,14/08/2026,15:00,Al-Ettifaq,Al-Riyadh,4,2,1,1,Al Kharboush A. (Sau),Abdullah Al Dabil Stadium (Dammam),2 303,55 612,66%,34%,2,1,0,1,2.81,0.73,3.06,1.13,21,7,12,4,4,3,5,0,11,3,9,4,0,0,7,1,7,0,34,6,2,1,1,1,8,11,430,468,92%,181,244,74%,18,28,64%,19,57,33%,175,202,87%,22,56,39%,4,25,16%,0,2,0%,1.59,0.3,23,16,11,8,4,7,57%,8,17,47%,30,34,19,33,8,11,0,1,0,0,2,8,2,8,1.13,3.06,-0.87,-0.94,4,7,2.7,3.3,2.38,1.7,2.1,"22,54,79,90","45,56"
Arábia Saudita,Liga Profissional Saudita,14/08/2026,15:00,Al-Hilal,Al-Faysaly,4,2,3,0,Manzano J. (Esp),Kingdom Arena (Riyadh),20 616,26 000,50%,50%,0,1,0,0,4.46,1.87,3.27,1.65,16,8,5,5,9,2,2,1,16,6,0,2,0,0,9,4,7,1,43,13,0,2,0,1,15,18,308,375,82%,321,378,85%,25,42,60%,27,45,60%,75,114,66%,47,70,67%,3,19,16%,2,16,13%,1.16,1.4,21,19,18,15,6,15,40%,9,16,56%,45,52,11,28,12,5,1,1,0,1,3,1,3,1,1.65,3.27,-0.35,-0.73,4,12,1.14,7,17,1.36,3.1,"19,26,28,82","59,64"
Internacional,Campeonato,14/08/2026,15:00,Al-Ettifaq,Al-Riyadh,4,2,1,1,Al Kharboush A. (Sau),Abdullah Al Dabil Stadium (Dammam),2 303,55 612,66%,34%,2,1,0,1,2.81,0.73,3.06,1.13,21,7,12,4,4,3,5,0,11,3,9,4,0,0,7,1,7,0,34,6,2,1,1,1,8,11,430,468,92%,181,244,74%,18,28,64%,19,57,33%,175,202,87%,22,56,39%,4,25,16%,0,2,0%,1.59,0.3,23,16,11,8,4,7,57%,8,17,47%,30,34,19,33,8,11,0,1,0,0,2,8,2,8,1.13,3.06,-0.87,-0.94,4,7,2.7,3.3,2.38,1.7,2.1,"22,54,79,90","45,56"
Internacional,Campeonato,14/08/2026,15:00,Al-Hilal,Al-Faysaly,4,2,3,0,Manzano J. (Esp),Kingdom Arena (Riyadh),20 616,26 000,50%,50%,0,1,0,0,4.46,1.87,3.27,1.65,16,8,5,5,9,2,2,1,16,6,0,2,0,0,9,4,7,1,43,13,0,2,0,1,15,18,308,375,82%,321,378,85%,25,42,60%,27,45,60%,75,114,66%,47,70,67%,3,19,16%,2,16,13%,1.16,1.4,21,19,18,15,6,15,40%,9,16,56%,45,52,11,28,12,5,1,1,0,1,3,1,3,1,1.65,3.27,-0.35,-0.73,4,12,1.14,7,17,1.36,3.1,"19,26,28,82","59,64"
Alemanha,3. Liga,14/08/2026,14:00,Wurzburger Kickers,Wehen,4,0,2,0,Kabalakli C. (Ger),Flyeralarm Arena (Wurzburger),4 299,13 090,43%,57%,2,4,0,0,2.65,1.29,2.68,1.35,8,10,5,5,2,3,1,2,5,6,3,4,0,0,4,1,3,5,24,19,4,1,2,1,11,16,480,527,91%,443,521,85%,35,57,61%,37,56,66%,104,147,71%,81,124,65%,4,17,25%,6,20,29%,1.43,0.42,20,21,14,10,19,25,75%,12,19,64%,54,44,29,21,11,14,0,0,0,0,5,1,5,1,1.35,2.68,1.35,-1.32,9,11,2.55,3,2.55,1.75,2.05,"17,38,77,84",
Arábia Saudita,Liga Profissional Saudita,14/08/2026,13:50,Neom SC,Al-Fayha,2,1,2,0,Al Qahtani A. (Sau),King Khalid Sports City (Tabuk),1 450,12 000,53%,47%,0,1,1,0,1.62,1.14,1.32,1.99,15,13,5,5,5,6,5,2,10,9,5,4,0,1,3,2,3,4,31,26,1,0,0,1,11,5,496,557,89%,425,479,89%,18,39,46%,30,47,64%,145,184,79%,121,147,82%,5,16,31%,10,25,40%,1.19,2.02,17,16,5,11,10,20,50%,6,10,60%,40,29,21,20,8,6,0,3,0,0,5,2,5,2,1.99,1.32,0.99,-0.68,7,7,1.67,3.6,4.5,1.85,1.95,"26,36",75
Internacional,Campeonato,14/08/2026,13:50,Neom SC,Al-Fayha,2,1,2,0,Al Qahtani A. (Sau),King Khalid Sports City (Tabuk),1 450,12 000,53%,47%,0,1,1,0,1.62,1.14,1.32,1.99,15,13,5,5,5,6,5,2,10,9,5,4,0,1,3,2,3,4,31,26,1,0,0,1,11,5,496,557,89%,425,479,89%,18,39,46%,30,47,64%,145,184,79%,121,147,82%,5,16,31%,10,25,40%,1.19,2.02,17,16,5,11,10,20,50%,6,10,60%,40,29,21,20,8,6,0,3,0,0,5,2,5,2,1.99,1.32,0.99,-0.68,7,7,1.67,3.6,4.5,1.85,1.95,"26,36",75
Alemanha,2. Bundesliga,14/08/2026,13:30,Braunschweig,VfL Bochum,0,1,0,1,Eckermann M. P. (Ger),Eintracht-Stadion (Braunschweig),22 238,23 325,55%,45%,2,3,0,0,1.16,1.23,0.27,0.78,17,13,3,4,8,6,6,3,11,9,6,4,0,0,3,3,5,6,17,18,0,0,3,0,13,11,402,491,82%,297,402,74%,32,67,48%,29,73,40%,104,149,70%,45,87,52%,3,17,18%,5,15,33%,0.63,0.69,25,19,11,13,9,13,69%,9,12,75%,56,50,19,27,9,12,0,0,0,0,3,3,3,3,1.11,0.24,0.11,0.24,7,10,2.5,3.6,2.55,1.62,2.25,,18
Alemanha,2. Bundesliga,14/08/2026,13:30,Holstein Kiel,FC St. Pauli,2,2,0,2,Burda M. (Ger),Holstein-Stadion (Kiel),11 700,15 034,64%,36%,3,3,0,0,2.09,2.56,2.06,2.22,19,13,6,6,7,4,6,3,15,10,4,3,0,0,2,5,5,5,32,21,0,0,1,2,19,14,472,550,86%,201,297,68%,14,43,33%,26,65,40%,93,128,73%,50,96,52%,6,15,40%,5,18,28%,1.71,0.92,19,19,14,19,4,8,50%,12,19,63%,56,59,19,24,10,5,1,0,2,0,4,4,4,4,2.22,2.06,0.22,0.06,5,10,2.63,3.5,2.55,1.7,2.1,"56,88","32,45"
Arábia Saudita,Liga Profissional Saudita,13/08/2026,15:00,Al Diriyah,Al-Ahli,0,1,0,1,Al Hoish M. K. (Sau),Prince Turki bin Abdul Aziz Stadium (Riyadh),13 609,15 000,57%,43%,2,4,0,0,1.35,0.96,0.74,1.1,18,15,3,7,11,6,4,2,8,13,10,2,1,0,2,2,8,4,27,23,0,1,2,4,11,8,340,401,85%,263,317,83%,21,40,53%,27,45,60%,116,151,77%,38,63,60%,8,37,22%,6,10,60%,1.17,0.89,19,17,8,11,9,12,75%,11,13,85%,31,47,9,40,5,7,0,3,0,0,6,3,6,3,1.1,0.74,0.1,0.74,8,16,4.75,3.9,1.57,1.62,2.25,,25
Arábia Saudita,Liga Profissional Saudita,13/08/2026,15:00,Al-Shabab,Al-Qadsiah,1,3,1,1,Alturais K. (Sau),Al-Shabab Club Stadium (Riyadh),5 530,15 000,45%,55%,2,1,0,0,1.4,3.31,0.99,2.49,8,15,2,6,4,7,2,2,8,12,0,3,0,2,3,6,6,9,25,41,0,1,3,1,13,13,287,354,81%,339,430,79%,11,39,28%,31,50,62%,54,78,69%,122,175,70%,5,14,36%,3,26,12%,1.53,1.9,13,29,13,13,14,23,61%,9,17,53%,54,52,39,21,12,9,0,0,1,0,3,2,3,2,2.49,0.99,-0.51,-0.01,13,7,5,4.2,1.5,1.44,2.7,15,"36,80,90"
Internacional,Campeonato,13/08/2026,15:00,Al Diriyah,Al-Ahli,0,1,0,1,Al Hoish M. K. (Sau),Prince Turki bin Abdul Aziz Stadium (Riyadh),13 609,15 000,57%,43%,2,4,0,0,1.35,0.96,0.74,1.1,18,15,3,7,11,6,4,2,8,13,10,2,1,0,2,2,8,4,27,23,0,1,2,4,11,8,340,401,85%,263,317,83%,21,40,53%,27,45,60%,116,151,77%,38,63,60%,8,37,22%,6,10,60%,1.17,0.89,19,17,8,11,9,12,75%,11,13,85%,31,47,9,40,5,7,0,3,0,0,6,3,6,3,1.1,0.74,0.1,0.74,8,16,4.75,3.9,1.57,1.62,2.25,,25
Internacional,Campeonato,13/08/2026,15:00,Al-Shabab,Al-Qadsiah,1,3,1,1,Alturais K. (Sau),Al-Shabab Club Stadium (Riyadh),5 530,15 000,45%,55%,2,1,0,0,1.4,3.31,0.99,2.49,8,15,2,6,4,7,2,2,8,12,0,3,0,2,3,6,6,9,25,41,0,1,3,1,13,13,287,354,81%,339,430,79%,11,39,28%,31,50,62%,54,78,69%,122,175,70%,5,14,36%,3,26,12%,1.53,1.9,13,29,13,13,14,23,61%,9,17,53%,54,52,39,21,12,9,0,0,1,0,3,2,3,2,2.49,0.99,-0.51,-0.01,13,7,5,4.2,1.5,1.44,2.7,15,"36,80,90"
Arábia Saudita,Liga Profissional Saudita,13/08/2026,13:15,Abha,Al Hazem,1,2,0,2,Al Hunfush S. (Sau),Prince Sultan bin Abdul Aziz Stadium (Abha),3 448,25 000,63%,37%,2,3,0,0,0.43,1.22,0.74,1.27,10,8,6,3,4,2,0,3,4,6,6,2,0,0,0,3,5,1,13,17,0,1,2,0,16,10,440,511,86%,233,301,77%,25,45,56%,17,42,40%,131,171,77%,51,70,73%,4,29,14%,1,5,20%,0.41,0.28,32,19,10,16,9,18,50%,13,20,65%,60,48,14,33,6,11,0,0,1,0,1,5,1,5,1.27,0.74,-0.73,-0.26,4,10,2.75,3.1,2.5,2,1.8,63,"3,40"
Internacional,Campeonato,13/08/2026,13:15,Abha,Al Hazem,1,2,0,2,Al Hunfush S. (Sau),Prince Sultan bin Abdul Aziz Stadium (Abha),3 448,25 000,63%,37%,2,3,0,0,0.43,1.22,0.74,1.27,10,8,6,3,4,2,0,3,4,6,6,2,0,0,0,3,5,1,13,17,0,1,2,0,16,10,440,511,86%,233,301,77%,25,45,56%,17,42,40%,131,171,77%,51,70,73%,4,29,14%,1,5,20%,0.41,0.28,32,19,10,16,9,18,50%,13,20,65%,60,48,14,33,6,11,0,0,1,0,1,5,1,5,1.27,0.74,-0.73,-0.26,4,10,2.75,3.1,2.5,2,1.8,63,"3,40"
Alemanha,3. Liga,09/08/2026,14:30,Aachen,Verl,4,1,0,1,Hasmann J. (Ger),New Tivoli (Aachen),23 532,32 960,38%,62%,0,2,0,0,2.82,1.23,2.68,1.11,12,8,5,3,4,3,3,2,7,4,5,4,0,0,4,3,1,1,28,15,2,3,3,1,12,24,474,585,81%,450,555,81%,39,60,65%,31,62,50%,116,150,77%,95,130,73%,5,15,31%,4,15,25%,1.43,1.02,28,20,21,11,15,23,67%,16,27,60%,58,54,19,25,9,15,0,0,0,0,2,1,2,1,1.11,2.68,0.11,-1.32,7,7,2,3.7,3,1.48,2.6,"52,60,82,88",22
Alemanha,3. Liga,09/08/2026,11:30,Saarbrucken,RW Essen,5,2,2,2,Schwengers P. (Ger),Ludwigspark Stadion (Saarbrücken),15 500,16 003,54%,46%,2,5,0,0,3.43,1.66,3.28,1.41,14,10,6,3,5,6,3,1,9,6,5,4,0,0,5,2,4,3,32,27,4,2,2,3,19,13,431,507,85%,401,501,80%,46,67,69%,31,60,52%,105,127,83%,117,144,81%,9,25,37%,3,13,24%,1.75,0.72,20,20,11,15,19,25,77%,21,26,80%,62,46,23,25,15,9,0,0,0,0,1,1,1,1,1.41,3.28,-0.59,-1.72,11,11,2.8,3.5,2.1,1.53,2.4,"33,45,74,89,90","10,30"
Alemanha,3. Liga,09/08/2026,08:30,Hoffenheim II,Rostock,2,3,2,2,Grund F. (Ger),PreZero Arena (Sinsheim),3 204,30 150,51%,49%,1,2,0,0,1.52,2.44,1.2,1.98,11,16,2,4,3,9,6,3,7,9,4,7,0,0,3,3,6,4,32,27,4,2,0,2,17,15,424,487,87%,433,541,80%,32,47,69%,33,64,51%,122,162,75%,84,104,81%,7,25,29%,4,17,24%,1.11,1.02,22,30,15,15,20,25,79%,21,26,80%,62,47,25,29,15,13,0,0,0,0,1,0,1,0,1.98,1.2,-1.02,-0.8,11,11,4,3.9,1.65,1.44,2.7,"22,44","13,33,51"
Alemanha,2. Bundesliga,09/08/2026,08:30,Cottbus,Hannover 96,3,1,1,1,Erbst L. (Ger),LEAG Energie Stadion (Cottbus),18 361,22 450,45%,55%,0,2,0,0,1.34,3.04,1.42,2.92,12,27,4,10,4,8,4,9,7,18,5,9,0,2,1,7,2,6,16,40,0,1,0,2,11,11,275,365,75%,362,437,83%,26,71,37%,20,42,48%,48,92,52%,96,134,72%,2,5,40%,6,22,27%,0.57,1.25,17,23,11,11,9,12,75%,7,13,54%,43,49,28,5,7,8,0,0,0,0,8,1,8,1,2.92,1.42,1.92,-1.58,9,6,3.1,3.5,2.15,1.53,2.4,"14,71,76",28
Alemanha,2. Bundesliga,09/08/2026,08:30,1. FC Nürnberg,Dresden,3,0,2,0,Wienefeld J. (Ger),Max-Morlock-Stadion (Nuremberg),41 622,50 000,56%,44%,0,2,0,0,2.24,1.96,2.2,0.79,16,10,7,1,6,7,3,2,10,8,6,2,1,0,5,2,5,5,27,24,1,0,0,5,11,6,413,491,84%,310,378,82%,28,59,47%,15,44,34%,72,106,68%,48,83,58%,4,11,36%,3,15,20%,0.82,1.22,33,20,6,11,9,20,45%,15,20,75%,52,45,17,19,7,10,0,1,0,0,1,4,1,4,0.79,2.2,0.79,-0.8,7,6,2.6,3.2,2.7,1.75,2.05,"9,45,75",
Alemanha,2. Bundesliga,09/08/2026,08:30,FC St. Pauli,Furth,1,1,0,0,Osmers H. (Ger),Millerntor-Stadion (Hamburg),29 218,29 546,58%,42%,1,0,0,0,1.72,1.78,1.89,1.59,18,15,6,7,4,5,8,3,11,8,7,7,0,0,4,3,9,2,22,13,1,2,7,2,5,4,449,520,86%,327,393,83%,19,41,46%,21,48,44%,162,209,78%,74,95,78%,9,35,26%,1,8,13%,2.24,0.74,26,17,4,5,7,13,54%,7,9,78%,33,28,16,39,7,8,0,0,0,0,6,5,6,5,1.59,1.89,0.59,0.89,6,9,1.62,4,4.75,1.6,2.3,46,51
Alemanha,2. Bundesliga,08/08/2026,15:30,VfL Wolfsburg,1. FC Kaiserslautern,0,0,0,0,Exner F. (Ger),Volkswagen Arena (Wolfsburg),25 489,30 000,63%,37%,0,1,0,0,1.48,0.8,0.99,0.37,19,8,5,3,10,5,4,0,7,6,12,2,1,1,1,3,9,2,17,13,0,0,1,2,10,17,482,570,85%,247,330,75%,20,43,47%,23,53,43%,124,160,78%,55,95,58%,2,24,8%,2,11,18%,1.62,0.38,25,26,17,10,11,24,46%,12,16,75%,50,48,16,32,13,10,0,0,0,0,3,4,3,4,0.37,0.99,0.37,0.99,10,12,1.57,4.33,5,1.44,2.7,,
Alemanha,3. Liga,08/08/2026,11:30,Grossaspach,Fortuna Koln,1,0,1,0,Schreiner S. (Ger),WIRmachenDRUCK Arena (Aspach),1 474,10 001,53%,47%,2,2,0,0,1.48,0.33,1.44,0.27,10,4,4,1,5,2,1,1,6,2,4,2,0,0,2,3,5,5,16,19,4,3,2,1,19,11,424,487,87%,469,521,90%,30,57,53%,43,64,67%,128,162,79%,83,124,67%,7,21,33%,6,17,34%,0.79,1.02,20,24,9,18,20,25,79%,15,21,72%,46,51,25,30,11,13,0,0,0,0,1,3,1,3,0.27,1.44,0.27,0.44,7,11,2.38,3.3,2.55,1.73,2.08,33,
Alemanha,3. Liga,08/08/2026,09:00,Duisburg,Meppen,3,0,1,0,Hilsberg S. (Ger),Schauinsland-Reisen-Arena (Duisburg),25 406,31 500,53%,47%,1,3,0,0,2.36,0.46,2.08,0.27,14,7,4,1,6,5,4,1,9,4,5,3,0,0,3,1,10,5,30,15,2,1,0,0,12,14,391,449,87%,401,507,79%,46,69,67%,27,54,50%,86,124,69%,114,148,77%,5,23,23%,4,18,23%,1.11,0.42,17,17,14,12,17,27,63%,17,22,76%,60,58,25,24,9,13,0,0,0,0,1,1,1,1,0.27,2.08,0.27,-0.92,9,10,1.48,3.9,5.25,1.5,2.5,"8,64,84",
Alemanha,3. Liga,08/08/2026,09:00,Havelse,Stuttgart II,2,3,1,1,Uhrig B. H. (Ger),Heinz-von-Heiden-Arena (Hannover),750,49 200,40%,60%,3,2,0,0,1.68,2.33,1.76,1.98,6,13,4,4,2,8,0,1,4,8,2,5,0,0,3,3,5,5,26,19,4,2,4,2,17,18,341,383,89%,377,489,77%,40,63,63%,28,54,52%,89,113,79%,94,136,69%,8,25,33%,4,18,21%,1.11,1.02,17,14,14,15,13,21,63%,18,23,80%,56,49,27,21,11,10,0,0,0,0,1,2,1,2,1.98,1.76,-1.02,-0.24,11,8,3.1,3.75,1.91,1.4,2.88,"1,49","42,70,78"
Alemanha,3. Liga,08/08/2026,09:00,Ingolstadt,Wurzburger Kickers,2,2,2,2,Exuzidis L. (Ger),Audi Sportpark (Ingolstadt),5 249,15 800,55%,45%,2,1,0,0,1.4,1.24,1.2,1.14,8,4,2,2,2,2,4,0,5,2,3,2,0,0,2,2,4,3,18,23,2,1,2,1,15,14,359,413,87%,360,439,82%,35,63,55%,24,48,51%,104,143,73%,97,136,71%,6,23,27%,3,12,26%,0.79,0.72,22,18,12,14,15,21,71%,19,25,76%,48,45,25,29,13,13,0,0,0,0,0,0,0,0,1.14,1.2,-0.86,-0.8,9,8,1.7,3.75,4,1.57,2.35,"16,43","21,45"
Alemanha,3. Liga,08/08/2026,09:00,Viktoria Koln,Regensburg,2,5,0,2,Kernchen L. (Ger),Sportpark Hohenberg (Cologne),3 267,8 343,63%,37%,2,4,0,0,1.88,2.91,1.76,2.85,11,5,4,5,5,0,2,0,7,5,4,0,0,0,2,5,5,0,31,21,1,3,2,2,15,18,402,516,78%,427,548,78%,45,66,68%,30,56,54%,98,136,72%,112,142,79%,5,18,26%,4,20,22%,0.79,1.62,13,20,16,13,15,24,64%,16,24,66%,61,54,16,28,12,9,0,0,0,0,0,2,0,2,2.85,1.76,-2.15,-0.24,10,9,2.05,3.6,2.9,1.57,2.35,"53,82","28,38,58,66,74"
Alemanha,3. Liga,08/08/2026,09:00,Wehen,Munster,1,3,1,1,Nouhoum A. (Ger),BRITA-Arena (Wiesbaden),4 535,12 566,56%,44%,5,4,0,0,1.76,2.38,2,2.25,8,10,6,5,0,4,2,1,6,6,2,4,0,0,1,3,6,2,18,15,2,1,5,0,9,15,369,445,83%,300,395,76%,36,65,55%,34,68,50%,92,120,77%,99,140,71%,7,23,31%,4,21,20%,0.47,1.02,17,11,10,9,19,23,81%,19,25,76%,48,52,21,20,9,12,0,0,0,0,2,5,2,5,2.25,2,-0.75,1,9,7,2.2,3.5,2.75,1.75,2.05,37,"26,77,90"
Alemanha,2. Bundesliga,08/08/2026,08:00,SV Darmstadt 98,Holstein Kiel,2,2,0,2,Bickel F. (Ger),Merck-Stadion am Bollenfalltor (Darmstadt),17 095,17 810,50%,50%,2,3,0,0,0.85,1.78,0.61,2.46,13,11,3,6,4,3,6,2,9,9,4,2,0,0,0,3,8,4,18,18,1,0,5,0,16,15,361,436,83%,375,445,84%,21,51,41%,27,46,59%,62,99,63%,99,128,77%,6,24,25%,3,21,14%,0.73,0.87,19,19,15,16,8,19,42%,8,12,67%,50,60,21,30,7,5,0,0,1,0,4,1,4,1,2.46,0.61,0.46,-1.39,7,5,2.3,3.5,2.9,1.62,2.25,"76,86","8,42"
Alemanha,2. Bundesliga,08/08/2026,08:00,1. FC Heidenheim,Osnabruck,4,3,3,2,Weisbach E. (Ger),Voith-Arena (Heidenheim),15 000,15 000,54%,46%,1,2,0,0,2.91,2.41,2.92,1.64,20,26,6,6,10,8,4,12,12,14,8,12,0,0,5,2,4,6,25,29,2,0,9,0,6,6,394,486,81%,287,407,71%,38,78,49%,21,71,30%,89,139,64%,64,117,55%,5,17,29%,6,23,26%,1.51,0.7,18,16,6,6,4,8,50%,13,20,65%,43,43,37,27,11,4,0,0,0,0,3,2,3,2,1.64,2.92,-1.36,-1.08,11,13,1.65,3.9,5,1.67,2.15,"10,29,45,89","23,34,90"
Alemanha,2. Bundesliga,08/08/2026,08:00,Karlsruher,Bielefeld,2,1,1,0,Bacher M. (Ger),BBBank Wildpark (Karlsruhe),29 896,34 302,56%,44%,2,1,0,0,1.53,1.17,1.12,1.12,24,11,7,5,12,5,5,1,13,8,11,3,1,2,4,4,6,6,38,25,0,0,1,2,12,15,378,465,81%,259,347,75%,22,56,39%,26,63,41%,77,122,63%,40,79,51%,7,13,54%,7,20,35%,1.41,0.79,16,22,15,12,10,17,59%,9,11,82%,51,41,28,32,5,10,0,2,0,0,4,5,4,5,1.12,1.12,0.12,-0.88,7,8,3,3.6,2.2,1.57,2.35,"35,78",80
Alemanha,2. Bundesliga,08/08/2026,08:00,Magdeburg,Braunschweig,1,6,0,4,Prigan F. (Ger),Avnet-Arena (Magdeburg),28 508,30 098,47%,53%,4,1,1,0,1.41,3.51,1.2,4.32,10,24,3,13,6,7,1,4,7,16,3,8,0,0,2,5,5,5,13,42,1,2,0,1,9,14,368,445,83%,447,516,87%,29,64,45%,28,45,62%,37,65,57%,124,160,78%,2,12,17%,0,10,0%,1.06,0.97,20,15,14,9,10,19,53%,12,17,71%,42,51,20,17,4,0,3,1,0,0,7,3,7,3,4.32,1.2,-1.68,0.2,12,8,1.75,3.8,4.33,1.65,2.2,49,"15,21,26,44,50,61"
Alemanha,2. Bundesliga,07/08/2026,15:30,VfL Bochum,Hertha BSC,0,1,0,1,Haslberger W. (Ger),Vonovia Ruhrstadion (Bochum),26 000,26 000,56%,44%,2,5,0,0,1.16,0.74,0.15,0.91,13,11,3,2,5,6,5,3,9,8,4,3,0,0,2,1,5,2,20,25,0,0,2,2,13,18,345,439,79%,253,340,74%,33,69,48%,24,61,39%,63,110,57%,42,82,51%,6,20,30%,4,15,27%,1.07,0.34,30,18,18,13,8,16,50%,12,19,63%,55,64,13,31,7,14,1,0,1,0,1,3,1,3,0.91,0.15,-0.09,0.15,10,5,2.25,3.5,3.1,1.73,2.08,,39
Alemanha,3. Liga,07/08/2026,14:00,Mannheim,Fortuna Düsseldorf,2,1,1,0,Michel F. (Ger),Carl-Benz Stadion (Mannheim),19 007,25 667,44%,56%,3,5,0,0,2.36,1.23,2.32,1.11,14,8,6,3,5,4,3,1,9,4,5,4,0,0,3,2,5,4,32,27,4,2,0,5,23,13,359,395,91%,348,405,86%,41,60,69%,29,56,52%,94,125,75%,105,130,81%,7,25,29%,6,20,30%,1.11,0.72,19,21,13,17,17,23,75%,21,26,80%,62,49,29,23,15,14,0,0,0,0,2,4,2,4,1.11,2.32,0.11,0.32,11,7,3,3.6,2.05,1.65,2.2,"18,48",56
Arábia Saudita,Liga Profissional Saudita,11/09/2026,12:25,Al-Qadsiah,Al-Ettifaq,,,,,Al-Harbi S. (Sau),Al-Qadsiah Stadium,,31 171,,,,,,,,,,,,,,,,,,,,,,,,,,,,,,,,,,,,,,,,,,,,,,,,,,,,,,,,,,,,,,,,,,,,,,,,,,,,,,,,,,,,,,,,,,,,,1.85,3.4,3.8,1.9,1.9,,
Internacional,Campeonato,11/09/2026,12:25,Al-Qadsiah,Al-Ettifaq,,,,,Al-Harbi S. (Sau),Al-Qadsiah Stadium,,31 171,,,,,,,,,,,,,,,,,,,,,,,,,,,,,,,,,,,,,,,,,,,,,,,,,,,,,,,,,,,,,,,,,,,,,,,,,,,,,,,,,,,,,,,,,,,,,1.85,3.4,3.8,1.9,1.9,,
Arábia Saudita,Liga Profissional Saudita,11/09/2026,12:45,Al-Faysaly,Al-Ittihad,,,,,Oliver M. (Eng),Al-Faysaly Stadium,,41 285,,,,,,,,,,,,,,,,,,,,,,,,,,,,,,,,,,,,,,,,,,,,,,,,,,,,,,,,,,,,,,,,,,,,,,,,,,,,,,,,,,,,,,,,,,,,,1.85,3.4,3.8,1.9,1.9,,
Internacional,Campeonato,11/09/2026,12:45,Al-Faysaly,Al-Ittihad,,,,,Oliver M. (Eng),Al-Faysaly Stadium,,41 285,,,,,,,,,,,,,,,,,,,,,,,,,,,,,,,,,,,,,,,,,,,,,,,,,,,,,,,,,,,,,,,,,,,,,,,,,,,,,,,,,,,,,,,,,,,,,1.85,3.4,3.8,1.9,1.9,,
Alemanha,2. Bundesliga,11/09/2026,13:30,SV Darmstadt 98,Bielefeld,,,,,Siebert D. (Ger),SV Darmstadt 98 Stadium,,23 800,,,,,,,,,,,,,,,,,,,,,,,,,,,,,,,,,,,,,,,,,,,,,,,,,,,,,,,,,,,,,,,,,,,,,,,,,,,,,,,,,,,,,,,,,,,,,1.85,3.4,3.8,1.9,1.9,,
Alemanha,2. Bundesliga,11/09/2026,13:30,1. FC Nürnberg,Hannover 96,,,,,Dingert C. (Ger),1. FC Nürnberg Stadium,,25 218,,,,,,,,,,,,,,,,,,,,,,,,,,,,,,,,,,,,,,,,,,,,,,,,,,,,,,,,,,,,,,,,,,,,,,,,,,,,,,,,,,,,,,,,,,,,,1.85,3.4,3.8,1.9,1.9,,
Alemanha,3. Liga,11/09/2026,14:00,Viktoria Koln,Rostock,,,,,Osmers H. (Ger),Viktoria Koln Stadium,,53 187,,,,,,,,,,,,,,,,,,,,,,,,,,,,,,,,,,,,,,,,,,,,,,,,,,,,,,,,,,,,,,,,,,,,,,,,,,,,,,,,,,,,,,,,,,,,,1.85,3.4,3.8,1.9,1.9,,
Arábia Saudita,Liga Profissional Saudita,11/09/2026,15:00,Al-Ahli,Al Hazem,,,,,Al-Kharboush F. (Sau),Al-Ahli Stadium,,57 482,,,,,,,,,,,,,,,,,,,,,,,,,,,,,,,,,,,,,,,,,,,,,,,,,,,,,,,,,,,,,,,,,,,,,,,,,,,,,,,,,,,,,,,,,,,,,1.85,3.4,3.8,1.9,1.9,,
Internacional,Campeonato,11/09/2026,15:00,Al-Ahli,Al Hazem,,,,,Al-Kharboush F. (Sau),Al-Ahli Stadium,,57 482,,,,,,,,,,,,,,,,,,,,,,,,,,,,,,,,,,,,,,,,,,,,,,,,,,,,,,,,,,,,,,,,,,,,,,,,,,,,,,,,,,,,,,,,,,,,,1.85,3.4,3.8,1.9,1.9,,
Alemanha,Bundesliga,11/09/2026,15:30,1. FC Union Berlin,Schalke 04,,,,,Brand M. (Ger),Stadion An der Alten Försterei (Berlin),,22 012,,,,,,,,,,,,,,,,,,,,,,,,,,,,,,,,,,,,,,,,,,,,,,,,,,,,,,,,,,,,,,,,,,,,,,,,,,,,,,,,,,,,,,,,,,,,,2.05,3.5,3.1,1.57,2.38,,
Alemanha,2. Bundesliga,12/09/2026,08:00,VfL Bochum,Furth,,,,,Dingert C. (Ger),VfL Bochum Stadium,,33 802,,,,,,,,,,,,,,,,,,,,,,,,,,,,,,,,,,,,,,,,,,,,,,,,,,,,,,,,,,,,,,,,,,,,,,,,,,,,,,,,,,,,,,,,,,,,,1.85,3.4,3.8,1.9,1.9,,
Alemanha,2. Bundesliga,12/09/2026,08:00,Braunschweig,Dresden,,,,,Stegemann S. (Ger),Braunschweig Stadium,,31 074,,,,,,,,,,,,,,,,,,,,,,,,,,,,,,,,,,,,,,,,,,,,,,,,,,,,,,,,,,,,,,,,,,,,,,,,,,,,,,,,,,,,,,,,,,,,,1.85,3.4,3.8,1.9,1.9,,
Alemanha,2. Bundesliga,12/09/2026,08:00,Magdeburg,1. FC Kaiserslautern,,,,,Jablonski S. (Ger),Magdeburg Stadium,,50 408,,,,,,,,,,,,,,,,,,,,,,,,,,,,,,,,,,,,,,,,,,,,,,,,,,,,,,,,,,,,,,,,,,,,,,,,,,,,,,,,,,,,,,,,,,,,,1.85,3.4,3.8,1.9,1.9,,
Alemanha,3. Liga,12/09/2026,09:00,Fortuna Düsseldorf,Duisburg,,,,,Brand M. (Ger),Fortuna Düsseldorf Stadium,,52 069,,,,,,,,,,,,,,,,,,,,,,,,,,,,,,,,,,,,,,,,,,,,,,,,,,,,,,,,,,,,,,,,,,,,,,,,,,,,,,,,,,,,,,,,,,,,,1.85,3.4,3.8,1.9,1.9,,
Alemanha,3. Liga,12/09/2026,09:00,Havelse,Grossaspach,,,,,Zwayer F. (Ger),Havelse Stadium,,38 558,,,,,,,,,,,,,,,,,,,,,,,,,,,,,,,,,,,,,,,,,,,,,,,,,,,,,,,,,,,,,,,,,,,,,,,,,,,,,,,,,,,,,,,,,,,,,1.85,3.4,3.8,1.9,1.9,,
Alemanha,3. Liga,12/09/2026,09:00,RW Essen,Wurzburger Kickers,,,,,Jablonski S. (Ger),RW Essen Stadium,,41 351,,,,,,,,,,,,,,,,,,,,,,,,,,,,,,,,,,,,,,,,,,,,,,,,,,,,,,,,,,,,,,,,,,,,,,,,,,,,,,,,,,,,,,,,,,,,,1.85,3.4,3.8,1.9,1.9,,
Alemanha,3. Liga,12/09/2026,09:00,Saarbrucken,Ingolstadt,,,,,Brand M. (Ger),Saarbrucken Stadium,,44 947,,,,,,,,,,,,,,,,,,,,,,,,,,,,,,,,,,,,,,,,,,,,,,,,,,,,,,,,,,,,,,,,,,,,,,,,,,,,,,,,,,,,,,,,,,,,,1.85,3.4,3.8,1.9,1.9,,
Alemanha,3. Liga,12/09/2026,09:00,Verl,Meppen,,,,,Petersen M. (Ger),Verl Stadium,,46 373,,,,,,,,,,,,,,,,,,,,,,,,,,,,,,,,,,,,,,,,,,,,,,,,,,,,,,,,,,,,,,,,,,,,,,,,,,,,,,,,,,,,,,,,,,,,,1.85,3.4,3.8,1.9,1.9,,
Alemanha,Bundesliga,12/09/2026,10:30,FC Augsburg,Bayer Leverkusen,,,,,Schröder R. (Ger),WWK Arena (Augsburg),,30 660,,,,,,,,,,,,,,,,,,,,,,,,,,,,,,,,,,,,,,,,,,,,,,,,,,,,,,,,,,,,,,,,,,,,,,,,,,,,,,,,,,,,,,,,,,,,,4.33,4.2,1.65,1.44,2.75,,
Alemanha,Bundesliga,12/09/2026,10:30,Borussia Dortmund,SC Paderborn 07,,,,,Brand M. (Ger),Signal Iduna Park (Dortmund),,81 365,,,,,,,,,,,,,,,,,,,,,,,,,,,,,,,,,,,,,,,,,,,,,,,,,,,,,,,,,,,,,,,,,,,,,,,,,,,,,,,,,,,,,,,,,,,,,1.22,6,10,1.36,3.2,,
Alemanha,Bundesliga,12/09/2026,10:30,SC Freiburg,Borussia M'gladbach,,,,,Brand M. (Ger),Europa-Park Stadion (Freiburg),,34 700,,,,,,,,,,,,,,,,,,,,,,,,,,,,,,,,,,,,,,,,,,,,,,,,,,,,,,,,,,,,,,,,,,,,,,,,,,,,,,,,,,,,,,,,,,,,,1.9,3.7,3.5,1.62,2.3,,
Alemanha,Bundesliga,12/09/2026,10:30,TSG Hoffenheim,VfB Stuttgart,,,,,Schröder R. (Ger),PreZero Arena (Sinsheim),,30 150,,,,,,,,,,,,,,,,,,,,,,,,,,,,,,,,,,,,,,,,,,,,,,,,,,,,,,,,,,,,,,,,,,,,,,,,,,,,,,,,,,,,,,,,,,,,,2.35,3.75,2.6,1.44,2.75,,
Alemanha,Bundesliga,12/09/2026,10:30,Mainz 05,Eintracht Frankfurt,,,,,Brych F. (Ger),Mewa Arena (Mainz),,33 305,,,,,,,,,,,,,,,,,,,,,,,,,,,,,,,,,,,,,,,,,,,,,,,,,,,,,,,,,,,,,,,,,,,,,,,,,,,,,,,,,,,,,,,,,,,,,2.05,3.7,3.1,1.57,2.38,,
Alemanha,3. Liga,12/09/2026,11:30,Aachen,Regensburg,,,,,Osmers H. (Ger),Aachen Stadium,,24 402,,,,,,,,,,,,,,,,,,,,,,,,,,,,,,,,,,,,,,,,,,,,,,,,,,,,,,,,,,,,,,,,,,,,,,,,,,,,,,,,,,,,,,,,,,,,,1.85,3.4,3.8,1.9,1.9,,
Arábia Saudita,Liga Profissional Saudita,12/09/2026,12:50,Al-Taawon,Al-Hilal,,,,,Al-Harbi S. (Sau),Al-Taawon Stadium,,42 704,,,,,,,,,,,,,,,,,,,,,,,,,,,,,,,,,,,,,,,,,,,,,,,,,,,,,,,,,,,,,,,,,,,,,,,,,,,,,,,,,,,,,,,,,,,,,1.85,3.4,3.8,1.9,1.9,,
Internacional,Campeonato,12/09/2026,12:50,Al-Taawon,Al-Hilal,,,,,Al-Harbi S. (Sau),Al-Taawon Stadium,,42 704,,,,,,,,,,,,,,,,,,,,,,,,,,,,,,,,,,,,,,,,,,,,,,,,,,,,,,,,,,,,,,,,,,,,,,,,,,,,,,,,,,,,,,,,,,,,,1.85,3.4,3.8,1.9,1.9,,
Alemanha,Bundesliga,12/09/2026,13:30,1. FC Köln,Werder Bremen,,,,,Stieler T. (Ger),RheinEnergieStadion (Köln),,50 000,,,,,,,,,,,,,,,,,,,,,,,,,,,,,,,,,,,,,,,,,,,,,,,,,,,,,,,,,,,,,,,,,,,,,,,,,,,,,,,,,,,,,,,,,,,,,1.85,3.4,3.8,1.9,1.9,,
Arábia Saudita,Liga Profissional Saudita,12/09/2026,15:00,Al-Khaleej,Al Nassr Riyadh,,,,,Al-Kharboush F. (Sau),Al-Khaleej Stadium,,44 684,,,,,,,,,,,,,,,,,,,,,,,,,,,,,,,,,,,,,,,,,,,,,,,,,,,,,,,,,,,,,,,,,,,,,,,,,,,,,,,,,,,,,,,,,,,,,1.85,3.4,3.8,1.9,1.9,,
Arábia Saudita,Liga Profissional Saudita,12/09/2026,15:00,Al-Shabab,Al-Fayha,,,,,Al-Harbi S. (Sau),Al-Shabab Stadium,,44 757,,,,,,,,,,,,,,,,,,,,,,,,,,,,,,,,,,,,,,,,,,,,,,,,,,,,,,,,,,,,,,,,,,,,,,,,,,,,,,,,,,,,,,,,,,,,,1.85,3.4,3.8,1.9,1.9,,
Internacional,Campeonato,12/09/2026,15:00,Al-Khaleej,Al Nassr Riyadh,,,,,Al-Kharboush F. (Sau),Al-Khaleej Stadium,,44 684,,,,,,,,,,,,,,,,,,,,,,,,,,,,,,,,,,,,,,,,,,,,,,,,,,,,,,,,,,,,,,,,,,,,,,,,,,,,,,,,,,,,,,,,,,,,,1.85,3.4,3.8,1.9,1.9,,
Internacional,Campeonato,12/09/2026,15:00,Al-Shabab,Al-Fayha,,,,,Al-Harbi S. (Sau),Al-Shabab Stadium,,44 757,,,,,,,,,,,,,,,,,,,,,,,,,,,,,,,,,,,,,,,,,,,,,,,,,,,,,,,,,,,,,,,,,,,,,,,,,,,,,,,,,,,,,,,,,,,,,1.85,3.4,3.8,1.9,1.9,,
Alemanha,2. Bundesliga,12/09/2026,15:30,FC St. Pauli,VfL Wolfsburg,,,,,Badstübner F. (Ger),FC St. Pauli Stadium,,55 223,,,,,,,,,,,,,,,,,,,,,,,,,,,,,,,,,,,,,,,,,,,,,,,,,,,,,,,,,,,,,,,,,,,,,,,,,,,,,,,,,,,,,,,,,,,,,1.85,3.4,3.8,1.9,1.9,,
Alemanha,3. Liga,13/09/2026,08:30,Stuttgart II,Munster,,,,,Jablonski S. (Ger),MHPArena (Stuttgart),,60 449,,,,,,,,,,,,,,,,,,,,,,,,,,,,,,,,,,,,,,,,,,,,,,,,,,,,,,,,,,,,,,,,,,,,,,,,,,,,,,,,,,,,,,,,,,,,,1.85,3.4,3.8,1.9,1.9,,
Alemanha,2. Bundesliga,13/09/2026,08:30,1. FC Heidenheim,Holstein Kiel,,,,,Badstübner F. (Ger),Voith-Arena (Heidenheim),,15 000,,,,,,,,,,,,,,,,,,,,,,,,,,,,,,,,,,,,,,,,,,,,,,,,,,,,,,,,,,,,,,,,,,,,,,,,,,,,,,,,,,,,,,,,,,,,,1.85,3.4,3.8,1.9,1.9,,
Alemanha,2. Bundesliga,13/09/2026,08:30,Karlsruher,Cottbus,,,,,Zwayer F. (Ger),BBBank Wildpark (Karlsruhe),,34 302,,,,,,,,,,,,,,,,,,,,,,,,,,,,,,,,,,,,,,,,,,,,,,,,,,,,,,,,,,,,,,,,,,,,,,,,,,,,,,,,,,,,,,,,,,,,,1.85,3.4,3.8,1.9,1.9,,
Alemanha,2. Bundesliga,13/09/2026,08:30,Osnabruck,Hertha BSC,,,,,Schlager D. (Ger),Stadion an der Bremer Brück (Osnabrück),,16 667,,,,,,,,,,,,,,,,,,,,,,,,,,,,,,,,,,,,,,,,,,,,,,,,,,,,,,,,,,,,,,,,,,,,,,,,,,,,,,,,,,,,,,,,,,,,,1.85,3.4,3.8,1.9,1.9,,
Alemanha,Bundesliga,13/09/2026,10:30,RB Leipzig,Hamburger SV,,,,,Aytekin D. (Ger),Red Bull Arena (Leipzig),,47 069,,,,,,,,,,,,,,,,,,,,,,,,,,,,,,,,,,,,,,,,,,,,,,,,,,,,,,,,,,,,,,,,,,,,,,,,,,,,,,,,,,,,,,,,,,,,,1.33,5,7.5,1.44,2.75,,
Alemanha,3. Liga,13/09/2026,11:30,Wehen,Mannheim,,,,,Jablonski S. (Ger),BRITA-Arena (Wiesbaden),,12 566,,,,,,,,,,,,,,,,,,,,,,,,,,,,,,,,,,,,,,,,,,,,,,,,,,,,,,,,,,,,,,,,,,,,,,,,,,,,,,,,,,,,,,,,,,,,,1.85,3.4,3.8,1.9,1.9,,
Alemanha,Bundesliga,13/09/2026,12:30,Elversberg,Bayern München,,,,,Schröder R. (Ger),Waldstadion Kaiserlinde (Spiesen-Elversberg),,9 970,,,,,,,,,,,,,,,,,,,,,,,,,,,,,,,,,,,,,,,,,,,,,,,,,,,,,,,,,,,,,,,,,,,,,,,,,,,,,,,,,,,,,,,,,,,,,13,7.5,1.14,1.25,4,,
Arábia Saudita,Liga Profissional Saudita,13/09/2026,13:20,Neom SC,Al-Fateh,,,,,Al-Turais K. (Sau),Neom SC Stadium,,39 777,,,,,,,,,,,,,,,,,,,,,,,,,,,,,,,,,,,,,,,,,,,,,,,,,,,,,,,,,,,,,,,,,,,,,,,,,,,,,,,,,,,,,,,,,,,,,1.85,3.4,3.8,1.9,1.9,,
Internacional,Campeonato,13/09/2026,13:20,Neom SC,Al-Fateh,,,,,Al-Turais K. (Sau),Neom SC Stadium,,39 777,,,,,,,,,,,,,,,,,,,,,,,,,,,,,,,,,,,,,,,,,,,,,,,,,,,,,,,,,,,,,,,,,,,,,,,,,,,,,,,,,,,,,,,,,,,,,1.85,3.4,3.8,1.9,1.9,,
Alemanha,3. Liga,13/09/2026,14:30,Hoffenheim II,Fortuna Koln,,,,,Brych F. (Ger),PreZero Arena (Sinsheim),,30 150,,,,,,,,,,,,,,,,,,,,,,,,,,,,,,,,,,,,,,,,,,,,,,,,,,,,,,,,,,,,,,,,,,,,,,,,,,,,,,,,,,,,,,,,,,,,,1.85,3.4,3.8,1.9,1.9,,
Arábia Saudita,Liga Profissional Saudita,13/09/2026,15:00,Al Diriyah,Abha,,,,,Al-Shamrani M. (Sau),Al Diriyah Stadium,,30 707,,,,,,,,,,,,,,,,,,,,,,,,,,,,,,,,,,,,,,,,,,,,,,,,,,,,,,,,,,,,,,,,,,,,,,,,,,,,,,,,,,,,,,,,,,,,,1.85,3.4,3.8,1.9,1.9,,
Arábia Saudita,Liga Profissional Saudita,13/09/2026,15:00,Al-Riyadh,Al-Kholood,,,,,Al-Turais K. (Sau),Al-Riyadh Stadium,,28 161,,,,,,,,,,,,,,,,,,,,,,,,,,,,,,,,,,,,,,,,,,,,,,,,,,,,,,,,,,,,,,,,,,,,,,,,,,,,,,,,,,,,,,,,,,,,,1.85,3.4,3.8,1.9,1.9,,
Internacional,Campeonato,13/09/2026,15:00,Al Diriyah,Abha,,,,,Al-Shamrani M. (Sau),Al Diriyah Stadium,,30 707,,,,,,,,,,,,,,,,,,,,,,,,,,,,,,,,,,,,,,,,,,,,,,,,,,,,,,,,,,,,,,,,,,,,,,,,,,,,,,,,,,,,,,,,,,,,,1.85,3.4,3.8,1.9,1.9,,
Internacional,Campeonato,13/09/2026,15:00,Al-Riyadh,Al-Kholood,,,,,Al-Turais K. (Sau),Al-Riyadh Stadium,,28 161,,,,,,,,,,,,,,,,,,,,,,,,,,,,,,,,,,,,,,,,,,,,,,,,,,,,,,,,,,,,,,,,,,,,,,,,,,,,,,,,,,,,,,,,,,,,,1.85,3.4,3.8,1.9,1.9,,
Alemanha,3. Liga,15/09/2026,14:00,Duisburg,Havelse,,,,,Siebert D. (Ger),Schauinsland-Reisen-Arena (Duisburg),,31 500,,,,,,,,,,,,,,,,,,,,,,,,,,,,,,,,,,,,,,,,,,,,,,,,,,,,,,,,,,,,,,,,,,,,,,,,,,,,,,,,,,,,,,,,,,,,,1.85,3.4,3.8,1.9,1.9,,
Alemanha,3. Liga,15/09/2026,14:00,Grossaspach,Verl,,,,,Dingert C. (Ger),WIRmachenDRUCK Arena (Aspach),,10 001,,,,,,,,,,,,,,,,,,,,,,,,,,,,,,,,,,,,,,,,,,,,,,,,,,,,,,,,,,,,,,,,,,,,,,,,,,,,,,,,,,,,,,,,,,,,,1.85,3.4,3.8,1.9,1.9,,
Alemanha,3. Liga,15/09/2026,14:00,Meppen,Viktoria Koln,,,,,Stieler T. (Ger),Meppen Stadium,,30 371,,,,,,,,,,,,,,,,,,,,,,,,,,,,,,,,,,,,,,,,,,,,,,,,,,,,,,,,,,,,,,,,,,,,,,,,,,,,,,,,,,,,,,,,,,,,,1.85,3.4,3.8,1.9,1.9,,
Alemanha,3. Liga,15/09/2026,14:00,Regensburg,Fortuna Düsseldorf,,,,,Zwayer F. (Ger),Regensburg Stadium,,31 626,,,,,,,,,,,,,,,,,,,,,,,,,,,,,,,,,,,,,,,,,,,,,,,,,,,,,,,,,,,,,,,,,,,,,,,,,,,,,,,,,,,,,,,,,,,,,1.85,3.4,3.8,1.9,1.9,,
Alemanha,3. Liga,15/09/2026,14:00,Wurzburger Kickers,Aachen,,,,,Petersen M. (Ger),Wurzburger Kickers Stadium,,28 103,,,,,,,,,,,,,,,,,,,,,,,,,,,,,,,,,,,,,,,,,,,,,,,,,,,,,,,,,,,,,,,,,,,,,,,,,,,,,,,,,,,,,,,,,,,,,1.85,3.4,3.8,1.9,1.9,,
Alemanha,3. Liga,16/09/2026,14:00,Fortuna Koln,Wehen,,,,,Osmers H. (Ger),Fortuna Koln Stadium,,48 053,,,,,,,,,,,,,,,,,,,,,,,,,,,,,,,,,,,,,,,,,,,,,,,,,,,,,,,,,,,,,,,,,,,,,,,,,,,,,,,,,,,,,,,,,,,,,1.85,3.4,3.8,1.9,1.9,,
Alemanha,3. Liga,16/09/2026,14:00,Ingolstadt,Hoffenheim II,,,,,Stieler T. (Ger),Ingolstadt Stadium,,45 651,,,,,,,,,,,,,,,,,,,,,,,,,,,,,,,,,,,,,,,,,,,,,,,,,,,,,,,,,,,,,,,,,,,,,,,,,,,,,,,,,,,,,,,,,,,,,1.85,3.4,3.8,1.9,1.9,,
Alemanha,3. Liga,16/09/2026,14:00,Mannheim,RW Essen,,,,,Schröder R. (Ger),Mannheim Stadium,,23 953,,,,,,,,,,,,,,,,,,,,,,,,,,,,,,,,,,,,,,,,,,,,,,,,,,,,,,,,,,,,,,,,,,,,,,,,,,,,,,,,,,,,,,,,,,,,,1.85,3.4,3.8,1.9,1.9,,
Alemanha,3. Liga,16/09/2026,14:00,Munster,Saarbrucken,,,,,Brych F. (Ger),Munster Stadium,,42 184,,,,,,,,,,,,,,,,,,,,,,,,,,,,,,,,,,,,,,,,,,,,,,,,,,,,,,,,,,,,,,,,,,,,,,,,,,,,,,,,,,,,,,,,,,,,,1.85,3.4,3.8,1.9,1.9,,
Alemanha,3. Liga,16/09/2026,14:00,Rostock,Stuttgart II,,,,,Brand M. (Ger),Rostock Stadium,,46 859,,,,,,,,,,,,,,,,,,,,,,,,,,,,,,,,,,,,,,,,,,,,,,,,,,,,,,,,,,,,,,,,,,,,,,,,,,,,,,,,,,,,,,,,,,,,,1.85,3.4,3.8,1.9,1.9,,
Alemanha,2. Bundesliga,18/09/2026,13:30,Furth,Magdeburg,,,,,Brych F. (Ger),Sportpark Ronhof Thomas Sommer (Fürth),,16 626,,,,,,,,,,,,,,,,,,,,,,,,,,,,,,,,,,,,,,,,,,,,,,,,,,,,,,,,,,,,,,,,,,,,,,,,,,,,,,,,,,,,,,,,,,,,,1.85,3.4,3.8,1.9,1.9,,
Alemanha,2. Bundesliga,18/09/2026,13:30,VfL Wolfsburg,SV Darmstadt 98,,,,,Badstübner F. (Ger),Volkswagen Arena (Wolfsburg),,30 000,,,,,,,,,,,,,,,,,,,,,,,,,,,,,,,,,,,,,,,,,,,,,,,,,,,,,,,,,,,,,,,,,,,,,,,,,,,,,,,,,,,,,,,,,,,,,1.85,3.4,3.8,1.9,1.9,,
Alemanha,3. Liga,18/09/2026,14:00,Verl,Wurzburger Kickers,,,,,Siebert D. (Ger),Verl Stadium,,46 373,,,,,,,,,,,,,,,,,,,,,,,,,,,,,,,,,,,,,,,,,,,,,,,,,,,,,,,,,,,,,,,,,,,,,,,,,,,,,,,,,,,,,,,,,,,,,1.85,3.4,3.8,1.9,1.9,,
Alemanha,Bundesliga,18/09/2026,15:30,Bayern München,1. FC Union Berlin,,,,,Zwayer F. (Ger),Allianz Arena (Munich),,75 024,,,,,,,,,,,,,,,,,,,,,,,,,,,,,,,,,,,,,,,,,,,,,,,,,,,,,,,,,,,,,,,,,,,,,,,,,,,,,,,,,,,,,,,,,,,,,1.85,3.4,3.8,1.9,1.9,,
Alemanha,2. Bundesliga,19/09/2026,08:00,1. FC Kaiserslautern,Braunschweig,,,,,Stieler T. (Ger),Fritz Walter Stadion (Kaiserslautern),,49 500,,,,,,,,,,,,,,,,,,,,,,,,,,,,,,,,,,,,,,,,,,,,,,,,,,,,,,,,,,,,,,,,,,,,,,,,,,,,,,,,,,,,,,,,,,,,,1.85,3.4,3.8,1.9,1.9,,
Alemanha,2. Bundesliga,19/09/2026,08:00,Karlsruher,1. FC Nürnberg,,,,,Brych F. (Ger),BBBank Wildpark (Karlsruhe),,34 302,,,,,,,,,,,,,,,,,,,,,,,,,,,,,,,,,,,,,,,,,,,,,,,,,,,,,,,,,,,,,,,,,,,,,,,,,,,,,,,,,,,,,,,,,,,,,1.85,3.4,3.8,1.9,1.9,,
Alemanha,2. Bundesliga,19/09/2026,08:00,Holstein Kiel,Osnabruck,,,,,Zwayer F. (Ger),Holstein-Stadion (Kiel),,15 034,,,,,,,,,,,,,,,,,,,,,,,,,,,,,,,,,,,,,,,,,,,,,,,,,,,,,,,,,,,,,,,,,,,,,,,,,,,,,,,,,,,,,,,,,,,,,1.85,3.4,3.8,1.9,1.9,,
Alemanha,3. Liga,19/09/2026,09:00,Aachen,Fortuna Düsseldorf,,,,,Schröder R. (Ger),Aachen Stadium,,24 402,,,,,,,,,,,,,,,,,,,,,,,,,,,,,,,,,,,,,,,,,,,,,,,,,,,,,,,,,,,,,,,,,,,,,,,,,,,,,,,,,,,,,,,,,,,,,1.85,3.4,3.8,1.9,1.9,,
Alemanha,3. Liga,19/09/2026,09:00,Havelse,Fortuna Koln,,,,,Aytekin D. (Ger),Havelse Stadium,,38 558,,,,,,,,,,,,,,,,,,,,,,,,,,,,,,,,,,,,,,,,,,,,,,,,,,,,,,,,,,,,,,,,,,,,,,,,,,,,,,,,,,,,,,,,,,,,,1.85,3.4,3.8,1.9,1.9,,
Alemanha,3. Liga,19/09/2026,09:00,Hoffenheim II,Meppen,,,,,Schlager D. (Ger),PreZero Arena (Sinsheim),,30 150,,,,,,,,,,,,,,,,,,,,,,,,,,,,,,,,,,,,,,,,,,,,,,,,,,,,,,,,,,,,,,,,,,,,,,,,,,,,,,,,,,,,,,,,,,,,,1.85,3.4,3.8,1.9,1.9,,
Alemanha,3. Liga,19/09/2026,09:00,Stuttgart II,Regensburg,,,,,Brych F. (Ger),MHPArena (Stuttgart),,60 449,,,,,,,,,,,,,,,,,,,,,,,,,,,,,,,,,,,,,,,,,,,,,,,,,,,,,,,,,,,,,,,,,,,,,,,,,,,,,,,,,,,,,,,,,,,,,1.85,3.4,3.8,1.9,1.9,,
Alemanha,3. Liga,19/09/2026,09:00,Viktoria Koln,Ingolstadt,,,,,Petersen M. (Ger),Viktoria Koln Stadium,,53 187,,,,,,,,,,,,,,,,,,,,,,,,,,,,,,,,,,,,,,,,,,,,,,,,,,,,,,,,,,,,,,,,,,,,,,,,,,,,,,,,,,,,,,,,,,,,,1.85,3.4,3.8,1.9,1.9,,
Alemanha,Bundesliga,19/09/2026,10:30,Werder Bremen,FC Augsburg,,,,,Aytekin D. (Ger),Weserstadion (Bremen),,42 100,,,,,,,,,,,,,,,,,,,,,,,,,,,,,,,,,,,,,,,,,,,,,,,,,,,,,,,,,,,,,,,,,,,,,,,,,,,,,,,,,,,,,,,,,,,,,1.85,3.4,3.8,1.9,1.9,,
Alemanha,Bundesliga,19/09/2026,10:30,Eintracht Frankfurt,SC Freiburg,,,,,Petersen M. (Ger),Deutsche Bank Park (Frankfurt),,58 000,,,,,,,,,,,,,,,,,,,,,,,,,,,,,,,,,,,,,,,,,,,,,,,,,,,,,,,,,,,,,,,,,,,,,,,,,,,,,,,,,,,,,,,,,,,,,1.85,3.4,3.8,1.9,1.9,,
Alemanha,Bundesliga,19/09/2026,10:30,Hamburger SV,1. FC Köln,,,,,Brych F. (Ger),Volksparkstadion (Hamburg),,57 000,,,,,,,,,,,,,,,,,,,,,,,,,,,,,,,,,,,,,,,,,,,,,,,,,,,,,,,,,,,,,,,,,,,,,,,,,,,,,,,,,,,,,,,,,,,,,1.85,3.4,3.8,1.9,1.9,,
Alemanha,Bundesliga,19/09/2026,10:30,Borussia M'gladbach,Mainz 05,,,,,Osmers H. (Ger),Borussia-Park (Mönchengladbach),,54 042,,,,,,,,,,,,,,,,,,,,,,,,,,,,,,,,,,,,,,,,,,,,,,,,,,,,,,,,,,,,,,,,,,,,,,,,,,,,,,,,,,,,,,,,,,,,,1.85,3.4,3.8,1.9,1.9,,
Alemanha,3. Liga,19/09/2026,11:30,Saarbrucken,Grossaspach,,,,,Osmers H. (Ger),Saarbrucken Stadium,,44 947,,,,,,,,,,,,,,,,,,,,,,,,,,,,,,,,,,,,,,,,,,,,,,,,,,,,,,,,,,,,,,,,,,,,,,,,,,,,,,,,,,,,,,,,,,,,,1.85,3.4,3.8,1.9,1.9,,
Alemanha,Bundesliga,19/09/2026,13:30,VfB Stuttgart,Borussia Dortmund,,,,,Schröder R. (Ger),MHPArena (Stuttgart),,60 449,,,,,,,,,,,,,,,,,,,,,,,,,,,,,,,,,,,,,,,,,,,,,,,,,,,,,,,,,,,,,,,,,,,,,,,,,,,,,,,,,,,,,,,,,,,,,1.85,3.4,3.8,1.9,1.9,,
Alemanha,2. Bundesliga,19/09/2026,15:30,Dresden,Hertha BSC,,,,,Zwayer F. (Ger),Dresden Stadium,,46 267,,,,,,,,,,,,,,,,,,,,,,,,,,,,,,,,,,,,,,,,,,,,,,,,,,,,,,,,,,,,,,,,,,,,,,,,,,,,,,,,,,,,,,,,,,,,,1.85,3.4,3.8,1.9,1.9,,
Alemanha,3. Liga,20/09/2026,08:30,RW Essen,Rostock,,,,,Badstübner F. (Ger),RW Essen Stadium,,41 351,,,,,,,,,,,,,,,,,,,,,,,,,,,,,,,,,,,,,,,,,,,,,,,,,,,,,,,,,,,,,,,,,,,,,,,,,,,,,,,,,,,,,,,,,,,,,1.85,3.4,3.8,1.9,1.9,,
Alemanha,2. Bundesliga,20/09/2026,08:30,Bielefeld,1. FC Heidenheim,,,,,Schlager D. (Ger),Bielefeld Stadium,,24 594,,,,,,,,,,,,,,,,,,,,,,,,,,,,,,,,,,,,,,,,,,,,,,,,,,,,,,,,,,,,,,,,,,,,,,,,,,,,,,,,,,,,,,,,,,,,,1.85,3.4,3.8,1.9,1.9,,
Alemanha,2. Bundesliga,20/09/2026,08:30,Cottbus,FC St. Pauli,,,,,Badstübner F. (Ger),Cottbus Stadium,,49 280,,,,,,,,,,,,,,,,,,,,,,,,,,,,,,,,,,,,,,,,,,,,,,,,,,,,,,,,,,,,,,,,,,,,,,,,,,,,,,,,,,,,,,,,,,,,,1.85,3.4,3.8,1.9,1.9,,
Alemanha,2. Bundesliga,20/09/2026,08:30,Hannover 96,VfL Bochum,,,,,Siebert D. (Ger),Hannover 96 Stadium,,49 508,,,,,,,,,,,,,,,,,,,,,,,,,,,,,,,,,,,,,,,,,,,,,,,,,,,,,,,,,,,,,,,,,,,,,,,,,,,,,,,,,,,,,,,,,,,,,1.85,3.4,3.8,1.9,1.9,,
Alemanha,Bundesliga,20/09/2026,10:30,Bayer Leverkusen,RB Leipzig,,,,,Schröder R. (Ger),BayArena (Leverkusen),,30 210,,,,,,,,,,,,,,,,,,,,,,,,,,,,,,,,,,,,,,,,,,,,,,,,,,,,,,,,,,,,,,,,,,,,,,,,,,,,,,,,,,,,,,,,,,,,,1.85,3.4,3.8,1.9,1.9,,
Alemanha,3. Liga,20/09/2026,11:30,Mannheim,Munster,,,,,Stieler T. (Ger),Mannheim Stadium,,23 953,,,,,,,,,,,,,,,,,,,,,,,,,,,,,,,,,,,,,,,,,,,,,,,,,,,,,,,,,,,,,,,,,,,,,,,,,,,,,,,,,,,,,,,,,,,,,1.85,3.4,3.8,1.9,1.9,,
Alemanha,Bundesliga,20/09/2026,12:30,Schalke 04,Elversberg,,,,,Schröder R. (Ger),Veltins-Arena (Gelsenkirchen),,62 271,,,,,,,,,,,,,,,,,,,,,,,,,,,,,,,,,,,,,,,,,,,,,,,,,,,,,,,,,,,,,,,,,,,,,,,,,,,,,,,,,,,,,,,,,,,,,1.85,3.4,3.8,1.9,1.9,,
Alemanha,3. Liga,20/09/2026,14:30,Wehen,Duisburg,,,,,Osmers H. (Ger),Wehen Stadium,,23 711,,,,,,,,,,,,,,,,,,,,,,,,,,,,,,,,,,,,,,,,,,,,,,,,,,,,,,,,,,,,,,,,,,,,,,,,,,,,,,,,,,,,,,,,,,,,,1.85,3.4,3.8,1.9,1.9,,
Alemanha,Bundesliga,20/09/2026,14:30,SC Paderborn 07,TSG Hoffenheim,,,,,Aytekin D. (Ger),Home Deluxe Arena (Paderborn),,15 000,,,,,,,,,,,,,,,,,,,,,,,,,,,,,,,,,,,,,,,,,,,,,,,,,,,,,,,,,,,,,,,,,,,,,,,,,,,,,,,,,,,,,,,,,,,,,1.85,3.4,3.8,1.9,1.9,,
Arábia Saudita,Liga Profissional Saudita,15/10/2026,10:40,Al-Faysaly,Al-Kholood,,,,,Marciniak S. (Pol),Al-Faysaly Stadium,,41 285,,,,,,,,,,,,,,,,,,,,,,,,,,,,,,,,,,,,,,,,,,,,,,,,,,,,,,,,,,,,,,,,,,,,,,,,,,,,,,,,,,,,,,,,,,,,,1.85,3.4,3.8,1.9,1.9,,
Internacional,Campeonato,15/10/2026,10:40,Al-Faysaly,Al-Kholood,,,,,Marciniak S. (Pol),Al-Faysaly Stadium,,41 285,,,,,,,,,,,,,,,,,,,,,,,,,,,,,,,,,,,,,,,,,,,,,,,,,,,,,,,,,,,,,,,,,,,,,,,,,,,,,,,,,,,,,,,,,,,,,1.85,3.4,3.8,1.9,1.9,,
Arábia Saudita,Liga Profissional Saudita,15/10/2026,11:50,Al-Khaleej,Al-Fayha,,,,,Al-Shamrani M. (Sau),Al-Khaleej Stadium,,44 684,,,,,,,,,,,,,,,,,,,,,,,,,,,,,,,,,,,,,,,,,,,,,,,,,,,,,,,,,,,,,,,,,,,,,,,,,,,,,,,,,,,,,,,,,,,,,1.85,3.4,3.8,1.9,1.9,,
Internacional,Campeonato,15/10/2026,11:50,Al-Khaleej,Al-Fayha,,,,,Al-Shamrani M. (Sau),Al-Khaleej Stadium,,44 684,,,,,,,,,,,,,,,,,,,,,,,,,,,,,,,,,,,,,,,,,,,,,,,,,,,,,,,,,,,,,,,,,,,,,,,,,,,,,,,,,,,,,,,,,,,,,1.85,3.4,3.8,1.9,1.9,,
Arábia Saudita,Liga Profissional Saudita,15/10/2026,12:15,Al Hazem,Al-Fateh,,,,,Oliver M. (Eng),Al Hazem Stadium,,45 536,,,,,,,,,,,,,,,,,,,,,,,,,,,,,,,,,,,,,,,,,,,,,,,,,,,,,,,,,,,,,,,,,,,,,,,,,,,,,,,,,,,,,,,,,,,,,1.85,3.4,3.8,1.9,1.9,,
Internacional,Campeonato,15/10/2026,12:15,Al Hazem,Al-Fateh,,,,,Oliver M. (Eng),Al Hazem Stadium,,45 536,,,,,,,,,,,,,,,,,,,,,,,,,,,,,,,,,,,,,,,,,,,,,,,,,,,,,,,,,,,,,,,,,,,,,,,,,,,,,,,,,,,,,,,,,,,,,1.85,3.4,3.8,1.9,1.9,,
Arábia Saudita,Liga Profissional Saudita,15/10/2026,15:00,Al-Ahli,Al Nassr Riyadh,,,,,Al-Hoaish M. (Sau),Al-Ahli Stadium,,57 482,,,,,,,,,,,,,,,,,,,,,,,,,,,,,,,,,,,,,,,,,,,,,,,,,,,,,,,,,,,,,,,,,,,,,,,,,,,,,,,,,,,,,,,,,,,,,1.85,3.4,3.8,1.9,1.9,,
Internacional,Campeonato,15/10/2026,15:00,Al-Ahli,Al Nassr Riyadh,,,,,Al-Hoaish M. (Sau),Al-Ahli Stadium,,57 482,,,,,,,,,,,,,,,,,,,,,,,,,,,,,,,,,,,,,,,,,,,,,,,,,,,,,,,,,,,,,,,,,,,,,,,,,,,,,,,,,,,,,,,,,,,,,1.85,3.4,3.8,1.9,1.9,,
Arábia Saudita,Liga Profissional Saudita,16/10/2026,10:15,Al-Qadsiah,Abha,,,,,Al-Harbi S. (Sau),Al-Qadsiah Stadium,,31 171,,,,,,,,,,,,,,,,,,,,,,,,,,,,,,,,,,,,,,,,,,,,,,,,,,,,,,,,,,,,,,,,,,,,,,,,,,,,,,,,,,,,,,,,,,,,,1.85,3.4,3.8,1.9,1.9,,
Internacional,Campeonato,16/10/2026,10:15,Al-Qadsiah,Abha,,,,,Al-Harbi S. (Sau),Al-Qadsiah Stadium,,31 171,,,,,,,,,,,,,,,,,,,,,,,,,,,,,,,,,,,,,,,,,,,,,,,,,,,,,,,,,,,,,,,,,,,,,,,,,,,,,,,,,,,,,,,,,,,,,1.85,3.4,3.8,1.9,1.9,,
Arábia Saudita,Liga Profissional Saudita,16/10/2026,12:00,Al-Riyadh,Al-Hilal,,,,,Marciniak S. (Pol),Al-Riyadh Stadium,,28 161,,,,,,,,,,,,,,,,,,,,,,,,,,,,,,,,,,,,,,,,,,,,,,,,,,,,,,,,,,,,,,,,,,,,,,,,,,,,,,,,,,,,,,,,,,,,,1.85,3.4,3.8,1.9,1.9,,
Internacional,Campeonato,16/10/2026,12:00,Al-Riyadh,Al-Hilal,,,,,Marciniak S. (Pol),Al-Riyadh Stadium,,28 161,,,,,,,,,,,,,,,,,,,,,,,,,,,,,,,,,,,,,,,,,,,,,,,,,,,,,,,,,,,,,,,,,,,,,,,,,,,,,,,,,,,,,,,,,,,,,1.85,3.4,3.8,1.9,1.9,,
Arábia Saudita,Liga Profissional Saudita,16/10/2026,15:00,Al-Ittihad,Al-Shabab,,,,,Al-Shamrani M. (Sau),Al-Ittihad Stadium,,46 443,,,,,,,,,,,,,,,,,,,,,,,,,,,,,,,,,,,,,,,,,,,,,,,,,,,,,,,,,,,,,,,,,,,,,,,,,,,,,,,,,,,,,,,,,,,,,1.85,3.4,3.8,1.9,1.9,,
Internacional,Campeonato,16/10/2026,15:00,Al-Ittihad,Al-Shabab,,,,,Al-Shamrani M. (Sau),Al-Ittihad Stadium,,46 443,,,,,,,,,,,,,,,,,,,,,,,,,,,,,,,,,,,,,,,,,,,,,,,,,,,,,,,,,,,,,,,,,,,,,,,,,,,,,,,,,,,,,,,,,,,,,1.85,3.4,3.8,1.9,1.9,,
Alemanha,2. Bundesliga,17/10/2026,08:30,Bielefeld,Osnabruck,,,,,Jablonski S. (Ger),Bielefeld Stadium,,24 594,,,,,,,,,,,,,,,,,,,,,,,,,,,,,,,,,,,,,,,,,,,,,,,,,,,,,,,,,,,,,,,,,,,,,,,,,,,,,,,,,,,,,,,,,,,,,1.85,3.4,3.8,1.9,1.9,,
Alemanha,2. Bundesliga,17/10/2026,08:30,Cottbus,1. FC Nürnberg,,,,,Schlager D. (Ger),Cottbus Stadium,,49 280,,,,,,,,,,,,,,,,,,,,,,,,,,,,,,,,,,,,,,,,,,,,,,,,,,,,,,,,,,,,,,,,,,,,,,,,,,,,,,,,,,,,,,,,,,,,,1.85,3.4,3.8,1.9,1.9,,
Alemanha,2. Bundesliga,17/10/2026,08:30,Dresden,Magdeburg,,,,,Osmers H. (Ger),Dresden Stadium,,46 267,,,,,,,,,,,,,,,,,,,,,,,,,,,,,,,,,,,,,,,,,,,,,,,,,,,,,,,,,,,,,,,,,,,,,,,,,,,,,,,,,,,,,,,,,,,,,1.85,3.4,3.8,1.9,1.9,,
Alemanha,2. Bundesliga,17/10/2026,08:30,Furth,Braunschweig,,,,,Brand M. (Ger),Furth Stadium,,39 627,,,,,,,,,,,,,,,,,,,,,,,,,,,,,,,,,,,,,,,,,,,,,,,,,,,,,,,,,,,,,,,,,,,,,,,,,,,,,,,,,,,,,,,,,,,,,1.85,3.4,3.8,1.9,1.9,,
Alemanha,2. Bundesliga,17/10/2026,08:30,Hannover 96,FC St. Pauli,,,,,Brych F. (Ger),Hannover 96 Stadium,,49 508,,,,,,,,,,,,,,,,,,,,,,,,,,,,,,,,,,,,,,,,,,,,,,,,,,,,,,,,,,,,,,,,,,,,,,,,,,,,,,,,,,,,,,,,,,,,,1.85,3.4,3.8,1.9,1.9,,
Alemanha,2. Bundesliga,17/10/2026,08:30,1. FC Kaiserslautern,VfL Bochum,,,,,Aytekin D. (Ger),1. FC Kaiserslautern Stadium,,43 829,,,,,,,,,,,,,,,,,,,,,,,,,,,,,,,,,,,,,,,,,,,,,,,,,,,,,,,,,,,,,,,,,,,,,,,,,,,,,,,,,,,,,,,,,,,,,1.85,3.4,3.8,1.9,1.9,,
Alemanha,2. Bundesliga,17/10/2026,08:30,Karlsruher,SV Darmstadt 98,,,,,Petersen M. (Ger),Karlsruher Stadium,,23 939,,,,,,,,,,,,,,,,,,,,,,,,,,,,,,,,,,,,,,,,,,,,,,,,,,,,,,,,,,,,,,,,,,,,,,,,,,,,,,,,,,,,,,,,,,,,,1.85,3.4,3.8,1.9,1.9,,
Alemanha,2. Bundesliga,17/10/2026,08:30,Holstein Kiel,Hertha BSC,,,,,Badstübner F. (Ger),Holstein Kiel Stadium,,23 859,,,,,,,,,,,,,,,,,,,,,,,,,,,,,,,,,,,,,,,,,,,,,,,,,,,,,,,,,,,,,,,,,,,,,,,,,,,,,,,,,,,,,,,,,,,,,1.85,3.4,3.8,1.9,1.9,,
Alemanha,2. Bundesliga,17/10/2026,08:30,VfL Wolfsburg,1. FC Heidenheim,,,,,Schröder R. (Ger),Volkswagen Arena (Wolfsburg),,30 000,,,,,,,,,,,,,,,,,,,,,,,,,,,,,,,,,,,,,,,,,,,,,,,,,,,,,,,,,,,,,,,,,,,,,,,,,,,,,,,,,,,,,,,,,,,,,1.85,3.4,3.8,1.9,1.9,,
Alemanha,Bundesliga,17/10/2026,10:30,Bayern München,RB Leipzig,,,,,Jablonski S. (Ger),Allianz Arena (Munich),,75 024,,,,,,,,,,,,,,,,,,,,,,,,,,,,,,,,,,,,,,,,,,,,,,,,,,,,,,,,,,,,,,,,,,,,,,,,,,,,,,,,,,,,,,,,,,,,,1.85,3.4,3.8,1.9,1.9,,
Alemanha,Bundesliga,17/10/2026,10:30,Werder Bremen,SC Paderborn 07,,,,,Siebert D. (Ger),Weserstadion (Bremen),,42 100,,,,,,,,,,,,,,,,,,,,,,,,,,,,,,,,,,,,,,,,,,,,,,,,,,,,,,,,,,,,,,,,,,,,,,,,,,,,,,,,,,,,,,,,,,,,,1.85,3.4,3.8,1.9,1.9,,
Alemanha,Bundesliga,17/10/2026,10:30,Elversberg,FC Augsburg,,,,,Petersen M. (Ger),Waldstadion Kaiserlinde (Spiesen-Elversberg),,9 970,,,,,,,,,,,,,,,,,,,,,,,,,,,,,,,,,,,,,,,,,,,,,,,,,,,,,,,,,,,,,,,,,,,,,,,,,,,,,,,,,,,,,,,,,,,,,1.85,3.4,3.8,1.9,1.9,,
Alemanha,Bundesliga,17/10/2026,10:30,Eintracht Frankfurt,1. FC Köln,,,,,Brand M. (Ger),Deutsche Bank Park (Frankfurt),,58 000,,,,,,,,,,,,,,,,,,,,,,,,,,,,,,,,,,,,,,,,,,,,,,,,,,,,,,,,,,,,,,,,,,,,,,,,,,,,,,,,,,,,,,,,,,,,,1.85,3.4,3.8,1.9,1.9,,
Alemanha,Bundesliga,17/10/2026,10:30,Hamburger SV,VfB Stuttgart,,,,,Brand M. (Ger),Volksparkstadion (Hamburg),,57 000,,,,,,,,,,,,,,,,,,,,,,,,,,,,,,,,,,,,,,,,,,,,,,,,,,,,,,,,,,,,,,,,,,,,,,,,,,,,,,,,,,,,,,,,,,,,,1.85,3.4,3.8,1.9,1.9,,
Alemanha,Bundesliga,17/10/2026,10:30,Bayer Leverkusen,SC Freiburg,,,,,Brych F. (Ger),BayArena (Leverkusen),,30 210,,,,,,,,,,,,,,,,,,,,,,,,,,,,,,,,,,,,,,,,,,,,,,,,,,,,,,,,,,,,,,,,,,,,,,,,,,,,,,,,,,,,,,,,,,,,,1.85,3.4,3.8,1.9,1.9,,
Alemanha,Bundesliga,17/10/2026,10:30,Borussia M'gladbach,TSG Hoffenheim,,,,,Stegemann S. (Ger),Borussia-Park (Mönchengladbach),,54 042,,,,,,,,,,,,,,,,,,,,,,,,,,,,,,,,,,,,,,,,,,,,,,,,,,,,,,,,,,,,,,,,,,,,,,,,,,,,,,,,,,,,,,,,,,,,,1.85,3.4,3.8,1.9,1.9,,
Alemanha,Bundesliga,17/10/2026,10:30,Schalke 04,Mainz 05,,,,,Schröder R. (Ger),Veltins-Arena (Gelsenkirchen),,62 271,,,,,,,,,,,,,,,,,,,,,,,,,,,,,,,,,,,,,,,,,,,,,,,,,,,,,,,,,,,,,,,,,,,,,,,,,,,,,,,,,,,,,,,,,,,,,1.85,3.4,3.8,1.9,1.9,,
Alemanha,Bundesliga,17/10/2026,10:30,1. FC Union Berlin,Borussia Dortmund,,,,,Stieler T. (Ger),Stadion An der Alten Försterei (Berlin),,22 012,,,,,,,,,,,,,,,,,,,,,,,,,,,,,,,,,,,,,,,,,,,,,,,,,,,,,,,,,,,,,,,,,,,,,,,,,,,,,,,,,,,,,,,,,,,,,1.85,3.4,3.8,1.9,1.9,,
Arábia Saudita,Liga Profissional Saudita,17/10/2026,12:40,Neom SC,Al-Ettifaq,,,,,Al-Kharboush F. (Sau),Neom SC Stadium,,39 777,,,,,,,,,,,,,,,,,,,,,,,,,,,,,,,,,,,,,,,,,,,,,,,,,,,,,,,,,,,,,,,,,,,,,,,,,,,,,,,,,,,,,,,,,,,,,1.85,3.4,3.8,1.9,1.9,,
Internacional,Campeonato,17/10/2026,12:40,Neom SC,Al-Ettifaq,,,,,Al-Kharboush F. (Sau),Neom SC Stadium,,39 777,,,,,,,,,,,,,,,,,,,,,,,,,,,,,,,,,,,,,,,,,,,,,,,,,,,,,,,,,,,,,,,,,,,,,,,,,,,,,,,,,,,,,,,,,,,,,1.85,3.4,3.8,1.9,1.9,,
Arábia Saudita,Liga Profissional Saudita,17/10/2026,15:00,Al Diriyah,Al-Taawon,,,,,Al-Turais K. (Sau),Al Diriyah Stadium,,30 707,,,,,,,,,,,,,,,,,,,,,,,,,,,,,,,,,,,,,,,,,,,,,,,,,,,,,,,,,,,,,,,,,,,,,,,,,,,,,,,,,,,,,,,,,,,,,1.85,3.4,3.8,1.9,1.9,,
Internacional,Campeonato,17/10/2026,15:00,Al Diriyah,Al-Taawon,,,,,Al-Turais K. (Sau),Al Diriyah Stadium,,30 707,,,,,,,,,,,,,,,,,,,,,,,,,,,,,,,,,,,,,,,,,,,,,,,,,,,,,,,,,,,,,,,,,,,,,,,,,,,,,,,,,,,,,,,,,,,,,1.85,3.4,3.8,1.9,1.9,,
Arábia Saudita,Liga Profissional Saudita,18/10/2026,15:00,Al-Fateh,Al-Khaleej,,,,,Marciniak S. (Pol),Al-Fateh Stadium,,47 014,,,,,,,,,,,,,,,,,,,,,,,,,,,,,,,,,,,,,,,,,,,,,,,,,,,,,,,,,,,,,,,,,,,,,,,,,,,,,,,,,,,,,,,,,,,,,1.85,3.4,3.8,1.9,1.9,,
Internacional,Campeonato,18/10/2026,15:00,Al-Fateh,Al-Khaleej,,,,,Marciniak S. (Pol),Al-Fateh Stadium,,47 014,,,,,,,,,,,,,,,,,,,,,,,,,,,,,,,,,,,,,,,,,,,,,,,,,,,,,,,,,,,,,,,,,,,,,,,,,,,,,,,,,,,,,,,,,,,,,1.85,3.4,3.8,1.9,1.9,,
Arábia Saudita,Liga Profissional Saudita,19/10/2026,12:05,Al-Fayha,Al-Ahli,,,,,Marciniak S. (Pol),Al-Fayha Stadium,,52 081,,,,,,,,,,,,,,,,,,,,,,,,,,,,,,,,,,,,,,,,,,,,,,,,,,,,,,,,,,,,,,,,,,,,,,,,,,,,,,,,,,,,,,,,,,,,,1.85,3.4,3.8,1.9,1.9,,
Internacional,Campeonato,19/10/2026,12:05,Al-Fayha,Al-Ahli,,,,,Marciniak S. (Pol),Al-Fayha Stadium,,52 081,,,,,,,,,,,,,,,,,,,,,,,,,,,,,,,,,,,,,,,,,,,,,,,,,,,,,,,,,,,,,,,,,,,,,,,,,,,,,,,,,,,,,,,,,,,,,1.85,3.4,3.8,1.9,1.9,,
Arábia Saudita,Liga Profissional Saudita,19/10/2026,12:20,Abha,Al-Kholood,,,,,Oliver M. (Eng),Abha Stadium,,33 718,,,,,,,,,,,,,,,,,,,,,,,,,,,,,,,,,,,,,,,,,,,,,,,,,,,,,,,,,,,,,,,,,,,,,,,,,,,,,,,,,,,,,,,,,,,,,1.85,3.4,3.8,1.9,1.9,,
Internacional,Campeonato,19/10/2026,12:20,Abha,Al-Kholood,,,,,Oliver M. (Eng),Abha Stadium,,33 718,,,,,,,,,,,,,,,,,,,,,,,,,,,,,,,,,,,,,,,,,,,,,,,,,,,,,,,,,,,,,,,,,,,,,,,,,,,,,,,,,,,,,,,,,,,,,1.85,3.4,3.8,1.9,1.9,,
Arábia Saudita,Liga Profissional Saudita,19/10/2026,15:00,Al-Hilal,Al Hazem,,,,,Al-Turais K. (Sau),Al-Hilal Stadium,,53 008,,,,,,,,,,,,,,,,,,,,,,,,,,,,,,,,,,,,,,,,,,,,,,,,,,,,,,,,,,,,,,,,,,,,,,,,,,,,,,,,,,,,,,,,,,,,,1.85,3.4,3.8,1.9,1.9,,
Arábia Saudita,Liga Profissional Saudita,19/10/2026,15:00,Al-Shabab,Al-Faysaly,,,,,Al-Harbi S. (Sau),Al-Shabab Stadium,,44 757,,,,,,,,,,,,,,,,,,,,,,,,,,,,,,,,,,,,,,,,,,,,,,,,,,,,,,,,,,,,,,,,,,,,,,,,,,,,,,,,,,,,,,,,,,,,,1.85,3.4,3.8,1.9,1.9,,
Internacional,Campeonato,19/10/2026,15:00,Al-Hilal,Al Hazem,,,,,Al-Turais K. (Sau),Al-Hilal Stadium,,53 008,,,,,,,,,,,,,,,,,,,,,,,,,,,,,,,,,,,,,,,,,,,,,,,,,,,,,,,,,,,,,,,,,,,,,,,,,,,,,,,,,,,,,,,,,,,,,1.85,3.4,3.8,1.9,1.9,,
Internacional,Campeonato,19/10/2026,15:00,Al-Shabab,Al-Faysaly,,,,,Al-Harbi S. (Sau),Al-Shabab Stadium,,44 757,,,,,,,,,,,,,,,,,,,,,,,,,,,,,,,,,,,,,,,,,,,,,,,,,,,,,,,,,,,,,,,,,,,,,,,,,,,,,,,,,,,,,,,,,,,,,1.85,3.4,3.8,1.9,1.9,,
Arábia Saudita,Liga Profissional Saudita,20/10/2026,12:00,Al Diriyah,Al-Riyadh,,,,,Al-Hoaish M. (Sau),Al Diriyah Stadium,,30 707,,,,,,,,,,,,,,,,,,,,,,,,,,,,,,,,,,,,,,,,,,,,,,,,,,,,,,,,,,,,,,,,,,,,,,,,,,,,,,,,,,,,,,,,,,,,,1.85,3.4,3.8,1.9,1.9,,
Internacional,Campeonato,20/10/2026,12:00,Al Diriyah,Al-Riyadh,,,,,Al-Hoaish M. (Sau),Al Diriyah Stadium,,30 707,,,,,,,,,,,,,,,,,,,,,,,,,,,,,,,,,,,,,,,,,,,,,,,,,,,,,,,,,,,,,,,,,,,,,,,,,,,,,,,,,,,,,,,,,,,,,1.85,3.4,3.8,1.9,1.9,,
Arábia Saudita,Liga Profissional Saudita,20/10/2026,12:10,Al-Taawon,Al-Qadsiah,,,,,Al-Kharboush F. (Sau),Al-Taawon Stadium,,42 704,,,,,,,,,,,,,,,,,,,,,,,,,,,,,,,,,,,,,,,,,,,,,,,,,,,,,,,,,,,,,,,,,,,,,,,,,,,,,,,,,,,,,,,,,,,,,1.85,3.4,3.8,1.9,1.9,,
Internacional,Campeonato,20/10/2026,12:10,Al-Taawon,Al-Qadsiah,,,,,Al-Kharboush F. (Sau),Al-Taawon Stadium,,42 704,,,,,,,,,,,,,,,,,,,,,,,,,,,,,,,,,,,,,,,,,,,,,,,,,,,,,,,,,,,,,,,,,,,,,,,,,,,,,,,,,,,,,,,,,,,,,1.85,3.4,3.8,1.9,1.9,,
Arábia Saudita,Liga Profissional Saudita,20/10/2026,15:00,Al-Ettifaq,Al-Ittihad,,,,,Al-Harbi S. (Sau),Al-Ettifaq Stadium,,55 612,,,,,,,,,,,,,,,,,,,,,,,,,,,,,,,,,,,,,,,,,,,,,,,,,,,,,,,,,,,,,,,,,,,,,,,,,,,,,,,,,,,,,,,,,,,,,1.85,3.4,3.8,1.9,1.9,,
Arábia Saudita,Liga Profissional Saudita,20/10/2026,15:00,Al Nassr Riyadh,Neom SC,,,,,Al-Turais K. (Sau),Al Nassr Riyadh Stadium,,45 749,,,,,,,,,,,,,,,,,,,,,,,,,,,,,,,,,,,,,,,,,,,,,,,,,,,,,,,,,,,,,,,,,,,,,,,,,,,,,,,,,,,,,,,,,,,,,1.85,3.4,3.8,1.9,1.9,,
Internacional,Campeonato,20/10/2026,15:00,Al-Ettifaq,Al-Ittihad,,,,,Al-Harbi S. (Sau),Al-Ettifaq Stadium,,55 612,,,,,,,,,,,,,,,,,,,,,,,,,,,,,,,,,,,,,,,,,,,,,,,,,,,,,,,,,,,,,,,,,,,,,,,,,,,,,,,,,,,,,,,,,,,,,1.85,3.4,3.8,1.9,1.9,,
Internacional,Campeonato,20/10/2026,15:00,Al Nassr Riyadh,Neom SC,,,,,Al-Turais K. (Sau),Al Nassr Riyadh Stadium,,45 749,,,,,,,,,,,,,,,,,,,,,,,,,,,,,,,,,,,,,,,,,,,,,,,,,,,,,,,,,,,,,,,,,,,,,,,,,,,,,,,,,,,,,,,,,,,,,1.85,3.4,3.8,1.9,1.9,,